workload,width,height,requested_threads,variant,active_workers,rows,cdef_frames,requested_bytes,usable_bytes,stage_ns,row_sync_wait_ns,pool_wait_count,peak_rss_bytes,pixel_sha256,output_frames
timing_waves_1920x1080,1920,1080,1,baseline,0,17,17,368640,393216,39168000,0,0,67944448,5b240bade583b6108c28e7111a10ab6e4344840f2037644f17398993f180e001,18
timing_waves_1920x1080,1920,1080,1,type_fix,0,17,17,92160,98304,42475000,0,0,67993600,5b240bade583b6108c28e7111a10ab6e4344840f2037644f17398993f180e001,18
timing_waves_1920x1080,1920,1080,1,token,0,17,17,92160,98304,41227000,0,0,67960832,5b240bade583b6108c28e7111a10ab6e4344840f2037644f17398993f180e001,18
timing_waves_1920x1080,1920,1080,2,baseline,2,17,17,2088960,2097152,23350000,30000,0,196476928,5b240bade583b6108c28e7111a10ab6e4344840f2037644f17398993f180e001,18
timing_waves_1920x1080,1920,1080,2,type_fix,2,17,17,522240,524288,23661000,45000,0,196476928,5b240bade583b6108c28e7111a10ab6e4344840f2037644f17398993f180e001,18
timing_waves_1920x1080,1920,1080,2,token,2,17,17,76800,90112,23290000,30000,0,196034560,5b240bade583b6108c28e7111a10ab6e4344840f2037644f17398993f180e001,18
timing_waves_1920x1080,1920,1080,4,baseline,4,17,17,2088960,2097152,12631000,65000,0,197738496,5b240bade583b6108c28e7111a10ab6e4344840f2037644f17398993f180e001,18
timing_waves_1920x1080,1920,1080,4,type_fix,4,17,17,522240,524288,12796000,87000,0,197771264,5b240bade583b6108c28e7111a10ab6e4344840f2037644f17398993f180e001,18
timing_waves_1920x1080,1920,1080,4,token,4,17,17,138240,180224,12975000,123000,0,197394432,5b240bade583b6108c28e7111a10ab6e4344840f2037644f17398993f180e001,18
timing_waves_1920x1080,1920,1080,8,baseline,8,17,17,2088960,2097152,8537000,203000,0,200097792,5b240bade583b6108c28e7111a10ab6e4344840f2037644f17398993f180e001,18
timing_waves_1920x1080,1920,1080,8,type_fix,8,17,17,522240,524288,8417000,111000,0,200065024,5b240bade583b6108c28e7111a10ab6e4344840f2037644f17398993f180e001,18
timing_waves_1920x1080,1920,1080,8,token,8,17,17,261120,262144,8719000,405000,0,199819264,5b240bade583b6108c28e7111a10ab6e4344840f2037644f17398993f180e001,18
timing_waves_1920x1080,1920,1080,16,baseline,16,17,17,2088960,2097152,6948000,1784000,0,204800000,5b240bade583b6108c28e7111a10ab6e4344840f2037644f17398993f180e001,18
timing_waves_1920x1080,1920,1080,16,type_fix,16,17,17,522240,524288,6728000,1026000,0,204767232,5b240bade583b6108c28e7111a10ab6e4344840f2037644f17398993f180e001,18
timing_waves_1920x1080,1920,1080,16,token,16,17,17,491520,524288,6848000,4750000,0,204800000,5b240bade583b6108c28e7111a10ab6e4344840f2037644f17398993f180e001,18
timing_waves_3840x2160,3840,2160,1,baseline,0,34,17,737280,770048,167265000,0,0,241860608,7043f1c7f5acb5e07e6a59ab9b785b85a1816f7dc06a2f9139765c0065bd686f,18
timing_waves_3840x2160,3840,2160,1,type_fix,0,34,17,184320,196608,171901000,0,0,241876992,7043f1c7f5acb5e07e6a59ab9b785b85a1816f7dc06a2f9139765c0065bd686f,18
timing_waves_3840x2160,3840,2160,1,token,0,34,17,184320,196608,170266000,0,0,241876992,7043f1c7f5acb5e07e6a59ab9b785b85a1816f7dc06a2f9139765c0065bd686f,18
timing_waves_3840x2160,3840,2160,2,baseline,2,34,17,8355840,8388608,90813000,79000,0,371949568,7043f1c7f5acb5e07e6a59ab9b785b85a1816f7dc06a2f9139765c0065bd686f,18
timing_waves_3840x2160,3840,2160,2,type_fix,2,34,17,2088960,2097152,92024000,64000,0,371933184,7043f1c7f5acb5e07e6a59ab9b785b85a1816f7dc06a2f9139765c0065bd686f,18
timing_waves_3840x2160,3840,2160,2,token,2,34,17,153600,180224,90588000,241000,0,370065408,7043f1c7f5acb5e07e6a59ab9b785b85a1816f7dc06a2f9139765c0065bd686f,18
timing_waves_3840x2160,3840,2160,4,baseline,4,34,17,8355840,8388608,51643000,132000,0,373194752,7043f1c7f5acb5e07e6a59ab9b785b85a1816f7dc06a2f9139765c0065bd686f,18
timing_waves_3840x2160,3840,2160,4,type_fix,4,34,17,2088960,2097152,49963000,165000,0,373211136,7043f1c7f5acb5e07e6a59ab9b785b85a1816f7dc06a2f9139765c0065bd686f,18
timing_waves_3840x2160,3840,2160,4,token,4,34,17,276480,311296,50570000,173000,0,371408896,7043f1c7f5acb5e07e6a59ab9b785b85a1816f7dc06a2f9139765c0065bd686f,18
timing_waves_3840x2160,3840,2160,8,baseline,8,34,17,8355840,8388608,27491000,146000,0,375537664,7043f1c7f5acb5e07e6a59ab9b785b85a1816f7dc06a2f9139765c0065bd686f,18
timing_waves_3840x2160,3840,2160,8,type_fix,8,34,17,2088960,2097152,29176000,147000,0,375537664,7043f1c7f5acb5e07e6a59ab9b785b85a1816f7dc06a2f9139765c0065bd686f,18
timing_waves_3840x2160,3840,2160,8,token,8,34,17,522240,524288,28525000,490000,0,373981184,7043f1c7f5acb5e07e6a59ab9b785b85a1816f7dc06a2f9139765c0065bd686f,18
timing_waves_3840x2160,3840,2160,16,baseline,16,34,17,8355840,8388608,20461000,10987000,0,380272640,7043f1c7f5acb5e07e6a59ab9b785b85a1816f7dc06a2f9139765c0065bd686f,18
timing_waves_3840x2160,3840,2160,16,type_fix,16,34,17,2088960,2097152,20612000,12927000,0,380272640,7043f1c7f5acb5e07e6a59ab9b785b85a1816f7dc06a2f9139765c0065bd686f,18
timing_waves_3840x2160,3840,2160,16,token,16,34,17,1013760,1032192,21215000,24293000,0,379207680,7043f1c7f5acb5e07e6a59ab9b785b85a1816f7dc06a2f9139765c0065bd686f,18
timing_checker_1920x1080,1920,1080,1,baseline,0,17,17,368640,393216,50746000,0,0,77053952,0831d2c97efdf0a5debc5f95e271f976cda71c92becc1b043e09c63df573fdb7,18
timing_checker_1920x1080,1920,1080,1,type_fix,0,17,17,92160,98304,51012000,0,0,77070336,0831d2c97efdf0a5debc5f95e271f976cda71c92becc1b043e09c63df573fdb7,18
timing_checker_1920x1080,1920,1080,1,token,0,17,17,92160,98304,52427000,0,0,77053952,0831d2c97efdf0a5debc5f95e271f976cda71c92becc1b043e09c63df573fdb7,18
timing_checker_1920x1080,1920,1080,2,baseline,2,17,17,2088960,2097152,28858000,31000,0,205586432,0831d2c97efdf0a5debc5f95e271f976cda71c92becc1b043e09c63df573fdb7,18
timing_checker_1920x1080,1920,1080,2,type_fix,2,17,17,522240,524288,28922000,39000,0,205586432,0831d2c97efdf0a5debc5f95e271f976cda71c92becc1b043e09c63df573fdb7,18
timing_checker_1920x1080,1920,1080,2,token,2,17,17,76800,90112,28499000,26000,0,205144064,0831d2c97efdf0a5debc5f95e271f976cda71c92becc1b043e09c63df573fdb7,18
timing_checker_1920x1080,1920,1080,4,baseline,4,17,17,2088960,2097152,15915000,245000,0,206831616,0831d2c97efdf0a5debc5f95e271f976cda71c92becc1b043e09c63df573fdb7,18
timing_checker_1920x1080,1920,1080,4,type_fix,4,17,17,522240,524288,15892000,37000,0,206798848,0831d2c97efdf0a5debc5f95e271f976cda71c92becc1b043e09c63df573fdb7,18
timing_checker_1920x1080,1920,1080,4,token,4,17,17,138240,180224,16121000,103000,0,206503936,0831d2c97efdf0a5debc5f95e271f976cda71c92becc1b043e09c63df573fdb7,18
timing_checker_1920x1080,1920,1080,8,baseline,8,17,17,2088960,2097152,10552000,223000,0,209174528,0831d2c97efdf0a5debc5f95e271f976cda71c92becc1b043e09c63df573fdb7,18
timing_checker_1920x1080,1920,1080,8,type_fix,8,17,17,522240,524288,10580000,213000,0,209223680,0831d2c97efdf0a5debc5f95e271f976cda71c92becc1b043e09c63df573fdb7,18
timing_checker_1920x1080,1920,1080,8,token,8,17,17,261120,262144,10723000,441000,0,208928768,0831d2c97efdf0a5debc5f95e271f976cda71c92becc1b043e09c63df573fdb7,18
timing_checker_1920x1080,1920,1080,16,baseline,16,17,17,2088960,2097152,8312000,3192000,0,213909504,0831d2c97efdf0a5debc5f95e271f976cda71c92becc1b043e09c63df573fdb7,18
timing_checker_1920x1080,1920,1080,16,type_fix,16,17,17,522240,524288,8296000,3187000,0,213909504,0831d2c97efdf0a5debc5f95e271f976cda71c92becc1b043e09c63df573fdb7,18
timing_checker_1920x1080,1920,1080,16,token,16,17,17,491520,524288,8734000,9140000,0,213876736,0831d2c97efdf0a5debc5f95e271f976cda71c92becc1b043e09c63df573fdb7,18
timing_checker_3840x2160,3840,2160,1,baseline,0,34,17,737280,770048,211279000,0,0,277905408,2d3d6be11ce1bf83660c4faf1412661bbfdf072e47bae39c4a1cc4f2e70b3fbb,18
timing_checker_3840x2160,3840,2160,1,type_fix,0,34,17,184320,196608,281565000,0,0,277872640,2d3d6be11ce1bf83660c4faf1412661bbfdf072e47bae39c4a1cc4f2e70b3fbb,18
timing_checker_3840x2160,3840,2160,1,token,0,34,17,184320,196608,204876000,0,0,277872640,2d3d6be11ce1bf83660c4faf1412661bbfdf072e47bae39c4a1cc4f2e70b3fbb,18
timing_checker_3840x2160,3840,2160,2,baseline,2,34,17,8355840,8388608,111622000,62000,0,407977984,2d3d6be11ce1bf83660c4faf1412661bbfdf072e47bae39c4a1cc4f2e70b3fbb,18
timing_checker_3840x2160,3840,2160,2,type_fix,2,34,17,2088960,2097152,107519000,42000,0,407945216,2d3d6be11ce1bf83660c4faf1412661bbfdf072e47bae39c4a1cc4f2e70b3fbb,18
timing_checker_3840x2160,3840,2160,2,token,2,34,17,153600,180224,109382000,68000,0,406044672,2d3d6be11ce1bf83660c4faf1412661bbfdf072e47bae39c4a1cc4f2e70b3fbb,18
timing_checker_3840x2160,3840,2160,4,baseline,4,34,17,8355840,8388608,59699000,127000,0,409239552,2d3d6be11ce1bf83660c4faf1412661bbfdf072e47bae39c4a1cc4f2e70b3fbb,18
timing_checker_3840x2160,3840,2160,4,type_fix,4,34,17,2088960,2097152,61577000,125000,0,409206784,2d3d6be11ce1bf83660c4faf1412661bbfdf072e47bae39c4a1cc4f2e70b3fbb,18
timing_checker_3840x2160,3840,2160,4,token,4,34,17,276480,311296,59584000,127000,0,407437312,2d3d6be11ce1bf83660c4faf1412661bbfdf072e47bae39c4a1cc4f2e70b3fbb,18
timing_checker_3840x2160,3840,2160,8,baseline,8,34,17,8355840,8388608,33557000,432000,0,411566080,2d3d6be11ce1bf83660c4faf1412661bbfdf072e47bae39c4a1cc4f2e70b3fbb,18
timing_checker_3840x2160,3840,2160,8,type_fix,8,34,17,2088960,2097152,39270000,9586000,0,411566080,2d3d6be11ce1bf83660c4faf1412661bbfdf072e47bae39c4a1cc4f2e70b3fbb,18
timing_checker_3840x2160,3840,2160,8,token,8,34,17,522240,524288,37159000,1120000,0,410009600,2d3d6be11ce1bf83660c4faf1412661bbfdf072e47bae39c4a1cc4f2e70b3fbb,18
timing_checker_3840x2160,3840,2160,16,baseline,16,34,17,8355840,8388608,24945000,17236000,0,416301056,2d3d6be11ce1bf83660c4faf1412661bbfdf072e47bae39c4a1cc4f2e70b3fbb,18
timing_checker_3840x2160,3840,2160,16,type_fix,16,34,17,2088960,2097152,24977000,24940000,0,416284672,2d3d6be11ce1bf83660c4faf1412661bbfdf072e47bae39c4a1cc4f2e70b3fbb,18
timing_checker_3840x2160,3840,2160,16,token,16,34,17,1013760,1032192,27398000,40458000,0,415236096,2d3d6be11ce1bf83660c4faf1412661bbfdf072e47bae39c4a1cc4f2e70b3fbb,18
timing_texture_1920x1080,1920,1080,1,baseline,0,17,2,368640,393216,6042000,0,0,80543744,c08ef6260ad5c1e5e0e17e67132a1af330ac18ed3580cbf26d5403f2fa01d102,18
timing_texture_1920x1080,1920,1080,1,type_fix,0,17,2,92160,98304,5683000,0,0,80510976,c08ef6260ad5c1e5e0e17e67132a1af330ac18ed3580cbf26d5403f2fa01d102,18
timing_texture_1920x1080,1920,1080,1,token,0,17,2,92160,98304,5825000,0,0,80510976,c08ef6260ad5c1e5e0e17e67132a1af330ac18ed3580cbf26d5403f2fa01d102,18
timing_texture_1920x1080,1920,1080,2,baseline,2,17,2,2088960,2097152,3250000,21000,0,208961536,c08ef6260ad5c1e5e0e17e67132a1af330ac18ed3580cbf26d5403f2fa01d102,18
timing_texture_1920x1080,1920,1080,2,type_fix,2,17,2,522240,524288,3265000,8000,0,208977920,c08ef6260ad5c1e5e0e17e67132a1af330ac18ed3580cbf26d5403f2fa01d102,18
timing_texture_1920x1080,1920,1080,2,token,2,17,2,76800,90112,3098000,16000,0,208502784,c08ef6260ad5c1e5e0e17e67132a1af330ac18ed3580cbf26d5403f2fa01d102,18
timing_texture_1920x1080,1920,1080,4,baseline,4,17,2,2088960,2097152,2045000,64000,0,210157568,c08ef6260ad5c1e5e0e17e67132a1af330ac18ed3580cbf26d5403f2fa01d102,18
timing_texture_1920x1080,1920,1080,4,type_fix,4,17,2,522240,524288,1963000,16000,0,210173952,c08ef6260ad5c1e5e0e17e67132a1af330ac18ed3580cbf26d5403f2fa01d102,18
timing_texture_1920x1080,1920,1080,4,token,4,17,2,138240,180224,1898000,18000,0,209797120,c08ef6260ad5c1e5e0e17e67132a1af330ac18ed3580cbf26d5403f2fa01d102,18
timing_texture_1920x1080,1920,1080,8,baseline,8,17,2,2088960,2097152,1145000,69000,0,212467712,c08ef6260ad5c1e5e0e17e67132a1af330ac18ed3580cbf26d5403f2fa01d102,18
timing_texture_1920x1080,1920,1080,8,type_fix,8,17,2,522240,524288,1146000,24000,0,212500480,c08ef6260ad5c1e5e0e17e67132a1af330ac18ed3580cbf26d5403f2fa01d102,18
timing_texture_1920x1080,1920,1080,8,token,8,17,2,261120,262144,1109000,52000,0,212205568,c08ef6260ad5c1e5e0e17e67132a1af330ac18ed3580cbf26d5403f2fa01d102,18
timing_texture_1920x1080,1920,1080,16,baseline,16,17,2,2088960,2097152,967000,865000,0,217153536,c08ef6260ad5c1e5e0e17e67132a1af330ac18ed3580cbf26d5403f2fa01d102,18
timing_texture_1920x1080,1920,1080,16,type_fix,16,17,2,522240,524288,1259000,600000,0,217169920,c08ef6260ad5c1e5e0e17e67132a1af330ac18ed3580cbf26d5403f2fa01d102,18
timing_texture_1920x1080,1920,1080,16,token,16,17,2,491520,524288,1020000,531000,0,217137152,c08ef6260ad5c1e5e0e17e67132a1af330ac18ed3580cbf26d5403f2fa01d102,18
timing_texture_3840x2160,3840,2160,1,baseline,0,34,2,737280,770048,23439000,0,0,291864576,2aec47e05c3b8514915af2cb0d4b3f43878b8a0bff9e8cfe4cb501c3a509f061,18
timing_texture_3840x2160,3840,2160,1,type_fix,0,34,2,184320,196608,27382000,0,0,291864576,2aec47e05c3b8514915af2cb0d4b3f43878b8a0bff9e8cfe4cb501c3a509f061,18
timing_texture_3840x2160,3840,2160,1,token,0,34,2,184320,196608,22986000,0,0,291864576,2aec47e05c3b8514915af2cb0d4b3f43878b8a0bff9e8cfe4cb501c3a509f061,18
timing_texture_3840x2160,3840,2160,2,baseline,2,34,2,8355840,8388608,12324000,13000,0,421888000,2aec47e05c3b8514915af2cb0d4b3f43878b8a0bff9e8cfe4cb501c3a509f061,18
timing_texture_3840x2160,3840,2160,2,type_fix,2,34,2,2088960,2097152,12851000,5000,0,421888000,2aec47e05c3b8514915af2cb0d4b3f43878b8a0bff9e8cfe4cb501c3a509f061,18
timing_texture_3840x2160,3840,2160,2,token,2,34,2,153600,180224,14075000,7000,0,419954688,2aec47e05c3b8514915af2cb0d4b3f43878b8a0bff9e8cfe4cb501c3a509f061,18
timing_texture_3840x2160,3840,2160,4,baseline,4,34,2,8355840,8388608,7301000,37000,0,423100416,2aec47e05c3b8514915af2cb0d4b3f43878b8a0bff9e8cfe4cb501c3a509f061,18
timing_texture_3840x2160,3840,2160,4,type_fix,4,34,2,2088960,2097152,7238000,6000,0,423067648,2aec47e05c3b8514915af2cb0d4b3f43878b8a0bff9e8cfe4cb501c3a509f061,18
timing_texture_3840x2160,3840,2160,4,token,4,34,2,276480,311296,7150000,20000,0,421314560,2aec47e05c3b8514915af2cb0d4b3f43878b8a0bff9e8cfe4cb501c3a509f061,18
timing_texture_3840x2160,3840,2160,8,baseline,8,34,2,8355840,8388608,4163000,25000,0,425426944,2aec47e05c3b8514915af2cb0d4b3f43878b8a0bff9e8cfe4cb501c3a509f061,18
timing_texture_3840x2160,3840,2160,8,type_fix,8,34,2,2088960,2097152,4360000,34000,0,425410560,2aec47e05c3b8514915af2cb0d4b3f43878b8a0bff9e8cfe4cb501c3a509f061,18
timing_texture_3840x2160,3840,2160,8,token,8,34,2,522240,524288,4261000,91000,0,423821312,2aec47e05c3b8514915af2cb0d4b3f43878b8a0bff9e8cfe4cb501c3a509f061,18
timing_texture_3840x2160,3840,2160,16,baseline,16,34,2,8355840,8388608,2793000,1979000,0,430129152,2aec47e05c3b8514915af2cb0d4b3f43878b8a0bff9e8cfe4cb501c3a509f061,18
timing_texture_3840x2160,3840,2160,16,type_fix,16,34,2,2088960,2097152,2905000,4001000,0,430063616,2aec47e05c3b8514915af2cb0d4b3f43878b8a0bff9e8cfe4cb501c3a509f061,18
timing_texture_3840x2160,3840,2160,16,token,16,34,2,1013760,1032192,2931000,5393000,0,429015040,2aec47e05c3b8514915af2cb0d4b3f43878b8a0bff9e8cfe4cb501c3a509f061,18
