workload,threads,row_mt,variant,profile,exit,pixel_sha256,output_frames,peak_rss_bytes
odd_8_420,1,0,baseline,release,0,6148b63ed46068b453eb6b5312c877f1e153105ec66323b6552faa8b85feac07,5,7520256
odd_8_420,1,0,type_fix,release,0,6148b63ed46068b453eb6b5312c877f1e153105ec66323b6552faa8b85feac07,5,7503872
odd_8_420,1,0,token,release,0,6148b63ed46068b453eb6b5312c877f1e153105ec66323b6552faa8b85feac07,5,7487488
odd_8_420,1,1,baseline,release,0,6148b63ed46068b453eb6b5312c877f1e153105ec66323b6552faa8b85feac07,5,7520256
odd_8_420,1,1,type_fix,release,0,6148b63ed46068b453eb6b5312c877f1e153105ec66323b6552faa8b85feac07,5,7503872
odd_8_420,1,1,token,release,0,6148b63ed46068b453eb6b5312c877f1e153105ec66323b6552faa8b85feac07,5,7503872
odd_8_420,2,0,baseline,release,0,6148b63ed46068b453eb6b5312c877f1e153105ec66323b6552faa8b85feac07,5,8175616
odd_8_420,2,0,type_fix,release,0,6148b63ed46068b453eb6b5312c877f1e153105ec66323b6552faa8b85feac07,5,8159232
odd_8_420,2,0,token,release,0,6148b63ed46068b453eb6b5312c877f1e153105ec66323b6552faa8b85feac07,5,8126464
odd_8_420,2,1,baseline,release,0,6148b63ed46068b453eb6b5312c877f1e153105ec66323b6552faa8b85feac07,5,15433728
odd_8_420,2,1,type_fix,release,0,6148b63ed46068b453eb6b5312c877f1e153105ec66323b6552faa8b85feac07,5,15450112
odd_8_420,2,1,token,release,0,6148b63ed46068b453eb6b5312c877f1e153105ec66323b6552faa8b85feac07,5,15433728
odd_8_420,4,0,baseline,release,0,6148b63ed46068b453eb6b5312c877f1e153105ec66323b6552faa8b85feac07,5,9355264
odd_8_420,4,0,type_fix,release,0,6148b63ed46068b453eb6b5312c877f1e153105ec66323b6552faa8b85feac07,5,9338880
odd_8_420,4,0,token,release,0,6148b63ed46068b453eb6b5312c877f1e153105ec66323b6552faa8b85feac07,5,9306112
odd_8_420,4,1,baseline,release,0,6148b63ed46068b453eb6b5312c877f1e153105ec66323b6552faa8b85feac07,5,16695296
odd_8_420,4,1,type_fix,release,0,6148b63ed46068b453eb6b5312c877f1e153105ec66323b6552faa8b85feac07,5,16678912
odd_8_420,4,1,token,release,0,6148b63ed46068b453eb6b5312c877f1e153105ec66323b6552faa8b85feac07,5,16646144
odd_8_420,8,0,baseline,release,0,6148b63ed46068b453eb6b5312c877f1e153105ec66323b6552faa8b85feac07,5,11649024
odd_8_420,8,0,type_fix,release,0,6148b63ed46068b453eb6b5312c877f1e153105ec66323b6552faa8b85feac07,5,11632640
odd_8_420,8,0,token,release,0,6148b63ed46068b453eb6b5312c877f1e153105ec66323b6552faa8b85feac07,5,11616256
odd_8_420,8,1,baseline,release,0,6148b63ed46068b453eb6b5312c877f1e153105ec66323b6552faa8b85feac07,5,18956288
odd_8_420,8,1,type_fix,release,0,6148b63ed46068b453eb6b5312c877f1e153105ec66323b6552faa8b85feac07,5,18972672
odd_8_420,8,1,token,release,0,6148b63ed46068b453eb6b5312c877f1e153105ec66323b6552faa8b85feac07,5,18939904
odd_8_420,16,0,baseline,release,0,6148b63ed46068b453eb6b5312c877f1e153105ec66323b6552faa8b85feac07,5,16252928
odd_8_420,16,0,type_fix,release,0,6148b63ed46068b453eb6b5312c877f1e153105ec66323b6552faa8b85feac07,5,16236544
odd_8_420,16,0,token,release,0,6148b63ed46068b453eb6b5312c877f1e153105ec66323b6552faa8b85feac07,5,16203776
odd_8_420,16,1,baseline,release,0,6148b63ed46068b453eb6b5312c877f1e153105ec66323b6552faa8b85feac07,5,23592960
odd_8_420,16,1,type_fix,release,0,6148b63ed46068b453eb6b5312c877f1e153105ec66323b6552faa8b85feac07,5,23560192
odd_8_420,16,1,token,release,0,6148b63ed46068b453eb6b5312c877f1e153105ec66323b6552faa8b85feac07,5,23543808
odd_8_422,1,0,baseline,release,0,f4cfa39e7a252fbef1572288d0ba890e61ff4bdd3bdf94f816e374e214e37296,5,8028160
odd_8_422,1,0,type_fix,release,0,f4cfa39e7a252fbef1572288d0ba890e61ff4bdd3bdf94f816e374e214e37296,5,8011776
odd_8_422,1,0,token,release,0,f4cfa39e7a252fbef1572288d0ba890e61ff4bdd3bdf94f816e374e214e37296,5,8011776
odd_8_422,1,1,baseline,release,0,f4cfa39e7a252fbef1572288d0ba890e61ff4bdd3bdf94f816e374e214e37296,5,8028160
odd_8_422,1,1,type_fix,release,0,f4cfa39e7a252fbef1572288d0ba890e61ff4bdd3bdf94f816e374e214e37296,5,8011776
odd_8_422,1,1,token,release,0,f4cfa39e7a252fbef1572288d0ba890e61ff4bdd3bdf94f816e374e214e37296,5,7995392
odd_8_422,2,0,baseline,release,0,f4cfa39e7a252fbef1572288d0ba890e61ff4bdd3bdf94f816e374e214e37296,5,8699904
odd_8_422,2,0,type_fix,release,0,f4cfa39e7a252fbef1572288d0ba890e61ff4bdd3bdf94f816e374e214e37296,5,8667136
odd_8_422,2,0,token,release,0,f4cfa39e7a252fbef1572288d0ba890e61ff4bdd3bdf94f816e374e214e37296,5,8634368
odd_8_422,2,1,baseline,release,0,f4cfa39e7a252fbef1572288d0ba890e61ff4bdd3bdf94f816e374e214e37296,5,15990784
odd_8_422,2,1,type_fix,release,0,f4cfa39e7a252fbef1572288d0ba890e61ff4bdd3bdf94f816e374e214e37296,5,15958016
odd_8_422,2,1,token,release,0,f4cfa39e7a252fbef1572288d0ba890e61ff4bdd3bdf94f816e374e214e37296,5,15941632
odd_8_422,4,0,baseline,release,0,f4cfa39e7a252fbef1572288d0ba890e61ff4bdd3bdf94f816e374e214e37296,5,9846784
odd_8_422,4,0,type_fix,release,0,f4cfa39e7a252fbef1572288d0ba890e61ff4bdd3bdf94f816e374e214e37296,5,9846784
odd_8_422,4,0,token,release,0,f4cfa39e7a252fbef1572288d0ba890e61ff4bdd3bdf94f816e374e214e37296,5,9830400
odd_8_422,4,1,baseline,release,0,f4cfa39e7a252fbef1572288d0ba890e61ff4bdd3bdf94f816e374e214e37296,5,17235968
odd_8_422,4,1,type_fix,release,0,f4cfa39e7a252fbef1572288d0ba890e61ff4bdd3bdf94f816e374e214e37296,5,17219584
odd_8_422,4,1,token,release,0,f4cfa39e7a252fbef1572288d0ba890e61ff4bdd3bdf94f816e374e214e37296,5,17203200
odd_8_422,8,0,baseline,release,0,f4cfa39e7a252fbef1572288d0ba890e61ff4bdd3bdf94f816e374e214e37296,5,12124160
odd_8_422,8,0,type_fix,release,0,f4cfa39e7a252fbef1572288d0ba890e61ff4bdd3bdf94f816e374e214e37296,5,12140544
odd_8_422,8,0,token,release,0,f4cfa39e7a252fbef1572288d0ba890e61ff4bdd3bdf94f816e374e214e37296,5,12140544
odd_8_422,8,1,baseline,release,0,f4cfa39e7a252fbef1572288d0ba890e61ff4bdd3bdf94f816e374e214e37296,5,19496960
odd_8_422,8,1,type_fix,release,0,f4cfa39e7a252fbef1572288d0ba890e61ff4bdd3bdf94f816e374e214e37296,5,19513344
odd_8_422,8,1,token,release,0,f4cfa39e7a252fbef1572288d0ba890e61ff4bdd3bdf94f816e374e214e37296,5,19496960
odd_8_422,16,0,baseline,release,0,f4cfa39e7a252fbef1572288d0ba890e61ff4bdd3bdf94f816e374e214e37296,5,16793600
odd_8_422,16,0,type_fix,release,0,f4cfa39e7a252fbef1572288d0ba890e61ff4bdd3bdf94f816e374e214e37296,5,16744448
odd_8_422,16,0,token,release,0,f4cfa39e7a252fbef1572288d0ba890e61ff4bdd3bdf94f816e374e214e37296,5,16728064
odd_8_422,16,1,baseline,release,0,f4cfa39e7a252fbef1572288d0ba890e61ff4bdd3bdf94f816e374e214e37296,5,24100864
odd_8_422,16,1,type_fix,release,0,f4cfa39e7a252fbef1572288d0ba890e61ff4bdd3bdf94f816e374e214e37296,5,24133632
odd_8_422,16,1,token,release,0,f4cfa39e7a252fbef1572288d0ba890e61ff4bdd3bdf94f816e374e214e37296,5,24084480
odd_8_444,1,0,baseline,release,0,7aa84efca03c81cdbba6edc67151f46ab6d1f2e50bc695fc168db136b5d54b0f,5,8994816
odd_8_444,1,0,type_fix,release,0,7aa84efca03c81cdbba6edc67151f46ab6d1f2e50bc695fc168db136b5d54b0f,5,8994816
odd_8_444,1,0,token,release,0,7aa84efca03c81cdbba6edc67151f46ab6d1f2e50bc695fc168db136b5d54b0f,5,8994816
odd_8_444,1,1,baseline,release,0,7aa84efca03c81cdbba6edc67151f46ab6d1f2e50bc695fc168db136b5d54b0f,5,9011200
odd_8_444,1,1,type_fix,release,0,7aa84efca03c81cdbba6edc67151f46ab6d1f2e50bc695fc168db136b5d54b0f,5,8994816
odd_8_444,1,1,token,release,0,7aa84efca03c81cdbba6edc67151f46ab6d1f2e50bc695fc168db136b5d54b0f,5,8978432
odd_8_444,2,0,baseline,release,0,7aa84efca03c81cdbba6edc67151f46ab6d1f2e50bc695fc168db136b5d54b0f,5,9650176
odd_8_444,2,0,type_fix,release,0,7aa84efca03c81cdbba6edc67151f46ab6d1f2e50bc695fc168db136b5d54b0f,5,9650176
odd_8_444,2,0,token,release,0,7aa84efca03c81cdbba6edc67151f46ab6d1f2e50bc695fc168db136b5d54b0f,5,9633792
odd_8_444,2,1,baseline,release,0,7aa84efca03c81cdbba6edc67151f46ab6d1f2e50bc695fc168db136b5d54b0f,5,16941056
odd_8_444,2,1,type_fix,release,0,7aa84efca03c81cdbba6edc67151f46ab6d1f2e50bc695fc168db136b5d54b0f,5,16941056
odd_8_444,2,1,token,release,0,7aa84efca03c81cdbba6edc67151f46ab6d1f2e50bc695fc168db136b5d54b0f,5,16908288
odd_8_444,4,0,baseline,release,0,7aa84efca03c81cdbba6edc67151f46ab6d1f2e50bc695fc168db136b5d54b0f,5,10846208
odd_8_444,4,0,type_fix,release,0,7aa84efca03c81cdbba6edc67151f46ab6d1f2e50bc695fc168db136b5d54b0f,5,10862592
odd_8_444,4,0,token,release,0,7aa84efca03c81cdbba6edc67151f46ab6d1f2e50bc695fc168db136b5d54b0f,5,10829824
odd_8_444,4,1,baseline,release,0,7aa84efca03c81cdbba6edc67151f46ab6d1f2e50bc695fc168db136b5d54b0f,5,18202624
odd_8_444,4,1,type_fix,release,0,7aa84efca03c81cdbba6edc67151f46ab6d1f2e50bc695fc168db136b5d54b0f,5,18202624
odd_8_444,4,1,token,release,0,7aa84efca03c81cdbba6edc67151f46ab6d1f2e50bc695fc168db136b5d54b0f,5,18169856
odd_8_444,8,0,baseline,release,0,7aa84efca03c81cdbba6edc67151f46ab6d1f2e50bc695fc168db136b5d54b0f,5,13238272
odd_8_444,8,0,type_fix,release,0,7aa84efca03c81cdbba6edc67151f46ab6d1f2e50bc695fc168db136b5d54b0f,5,13238272
odd_8_444,8,0,token,release,0,7aa84efca03c81cdbba6edc67151f46ab6d1f2e50bc695fc168db136b5d54b0f,5,13238272
odd_8_444,8,1,baseline,release,0,7aa84efca03c81cdbba6edc67151f46ab6d1f2e50bc695fc168db136b5d54b0f,5,20529152
odd_8_444,8,1,type_fix,release,0,7aa84efca03c81cdbba6edc67151f46ab6d1f2e50bc695fc168db136b5d54b0f,5,20545536
odd_8_444,8,1,token,release,0,7aa84efca03c81cdbba6edc67151f46ab6d1f2e50bc695fc168db136b5d54b0f,5,20496384
odd_8_444,16,0,baseline,release,0,7aa84efca03c81cdbba6edc67151f46ab6d1f2e50bc695fc168db136b5d54b0f,5,17891328
odd_8_444,16,0,type_fix,release,0,7aa84efca03c81cdbba6edc67151f46ab6d1f2e50bc695fc168db136b5d54b0f,5,17924096
odd_8_444,16,0,token,release,0,7aa84efca03c81cdbba6edc67151f46ab6d1f2e50bc695fc168db136b5d54b0f,5,17907712
odd_8_444,16,1,baseline,release,0,7aa84efca03c81cdbba6edc67151f46ab6d1f2e50bc695fc168db136b5d54b0f,5,25231360
odd_8_444,16,1,type_fix,release,0,7aa84efca03c81cdbba6edc67151f46ab6d1f2e50bc695fc168db136b5d54b0f,5,25231360
odd_8_444,16,1,token,release,0,7aa84efca03c81cdbba6edc67151f46ab6d1f2e50bc695fc168db136b5d54b0f,5,25198592
odd_8_mono,1,0,baseline,release,0,9355f8ec9b526565592d72051c35b49eaf20121da98dd77cbc873a250afcca5a,5,7307264
odd_8_mono,1,0,type_fix,release,0,9355f8ec9b526565592d72051c35b49eaf20121da98dd77cbc873a250afcca5a,5,7290880
odd_8_mono,1,0,token,release,0,9355f8ec9b526565592d72051c35b49eaf20121da98dd77cbc873a250afcca5a,5,7307264
odd_8_mono,1,1,baseline,release,0,9355f8ec9b526565592d72051c35b49eaf20121da98dd77cbc873a250afcca5a,5,7307264
odd_8_mono,1,1,type_fix,release,0,9355f8ec9b526565592d72051c35b49eaf20121da98dd77cbc873a250afcca5a,5,7290880
odd_8_mono,1,1,token,release,0,9355f8ec9b526565592d72051c35b49eaf20121da98dd77cbc873a250afcca5a,5,7323648
odd_8_mono,2,0,baseline,release,0,9355f8ec9b526565592d72051c35b49eaf20121da98dd77cbc873a250afcca5a,5,7913472
odd_8_mono,2,0,type_fix,release,0,9355f8ec9b526565592d72051c35b49eaf20121da98dd77cbc873a250afcca5a,5,7929856
odd_8_mono,2,0,token,release,0,9355f8ec9b526565592d72051c35b49eaf20121da98dd77cbc873a250afcca5a,5,7913472
odd_8_mono,2,1,baseline,release,0,9355f8ec9b526565592d72051c35b49eaf20121da98dd77cbc873a250afcca5a,5,15204352
odd_8_mono,2,1,type_fix,release,0,9355f8ec9b526565592d72051c35b49eaf20121da98dd77cbc873a250afcca5a,5,15204352
odd_8_mono,2,1,token,release,0,9355f8ec9b526565592d72051c35b49eaf20121da98dd77cbc873a250afcca5a,5,15220736
odd_8_mono,4,0,baseline,release,0,9355f8ec9b526565592d72051c35b49eaf20121da98dd77cbc873a250afcca5a,5,9060352
odd_8_mono,4,0,type_fix,release,0,9355f8ec9b526565592d72051c35b49eaf20121da98dd77cbc873a250afcca5a,5,9060352
odd_8_mono,4,0,token,release,0,9355f8ec9b526565592d72051c35b49eaf20121da98dd77cbc873a250afcca5a,5,9076736
odd_8_mono,4,1,baseline,release,0,9355f8ec9b526565592d72051c35b49eaf20121da98dd77cbc873a250afcca5a,5,16384000
odd_8_mono,4,1,type_fix,release,0,9355f8ec9b526565592d72051c35b49eaf20121da98dd77cbc873a250afcca5a,5,16384000
odd_8_mono,4,1,token,release,0,9355f8ec9b526565592d72051c35b49eaf20121da98dd77cbc873a250afcca5a,5,16384000
odd_8_mono,8,0,baseline,release,0,9355f8ec9b526565592d72051c35b49eaf20121da98dd77cbc873a250afcca5a,5,11255808
odd_8_mono,8,0,type_fix,release,0,9355f8ec9b526565592d72051c35b49eaf20121da98dd77cbc873a250afcca5a,5,11272192
odd_8_mono,8,0,token,release,0,9355f8ec9b526565592d72051c35b49eaf20121da98dd77cbc873a250afcca5a,5,11304960
odd_8_mono,8,1,baseline,release,0,9355f8ec9b526565592d72051c35b49eaf20121da98dd77cbc873a250afcca5a,5,18595840
odd_8_mono,8,1,type_fix,release,0,9355f8ec9b526565592d72051c35b49eaf20121da98dd77cbc873a250afcca5a,5,18595840
odd_8_mono,8,1,token,release,0,9355f8ec9b526565592d72051c35b49eaf20121da98dd77cbc873a250afcca5a,5,18612224
odd_8_mono,16,0,baseline,release,0,9355f8ec9b526565592d72051c35b49eaf20121da98dd77cbc873a250afcca5a,5,15745024
odd_8_mono,16,0,type_fix,release,0,9355f8ec9b526565592d72051c35b49eaf20121da98dd77cbc873a250afcca5a,5,15761408
odd_8_mono,16,0,token,release,0,9355f8ec9b526565592d72051c35b49eaf20121da98dd77cbc873a250afcca5a,5,15745024
odd_8_mono,16,1,baseline,release,0,9355f8ec9b526565592d72051c35b49eaf20121da98dd77cbc873a250afcca5a,5,23068672
odd_8_mono,16,1,type_fix,release,0,9355f8ec9b526565592d72051c35b49eaf20121da98dd77cbc873a250afcca5a,5,23052288
odd_8_mono,16,1,token,release,0,9355f8ec9b526565592d72051c35b49eaf20121da98dd77cbc873a250afcca5a,5,23052288
odd_10_420,1,0,baseline,release,0,88db051bec73c5263939a943ab69c8caf42b82bf2d6371a8d10a808177b4848e,5,9011200
odd_10_420,1,0,type_fix,release,0,88db051bec73c5263939a943ab69c8caf42b82bf2d6371a8d10a808177b4848e,5,9011200
odd_10_420,1,0,token,release,0,88db051bec73c5263939a943ab69c8caf42b82bf2d6371a8d10a808177b4848e,5,8978432
odd_10_420,1,1,baseline,release,0,88db051bec73c5263939a943ab69c8caf42b82bf2d6371a8d10a808177b4848e,5,9027584
odd_10_420,1,1,type_fix,release,0,88db051bec73c5263939a943ab69c8caf42b82bf2d6371a8d10a808177b4848e,5,9011200
odd_10_420,1,1,token,release,0,88db051bec73c5263939a943ab69c8caf42b82bf2d6371a8d10a808177b4848e,5,8978432
odd_10_420,2,0,baseline,release,0,88db051bec73c5263939a943ab69c8caf42b82bf2d6371a8d10a808177b4848e,5,9797632
odd_10_420,2,0,type_fix,release,0,88db051bec73c5263939a943ab69c8caf42b82bf2d6371a8d10a808177b4848e,5,9797632
odd_10_420,2,0,token,release,0,88db051bec73c5263939a943ab69c8caf42b82bf2d6371a8d10a808177b4848e,5,9764864
odd_10_420,2,1,baseline,release,0,88db051bec73c5263939a943ab69c8caf42b82bf2d6371a8d10a808177b4848e,5,17072128
odd_10_420,2,1,type_fix,release,0,88db051bec73c5263939a943ab69c8caf42b82bf2d6371a8d10a808177b4848e,5,17088512
odd_10_420,2,1,token,release,0,88db051bec73c5263939a943ab69c8caf42b82bf2d6371a8d10a808177b4848e,5,17039360
odd_10_420,4,0,baseline,release,0,88db051bec73c5263939a943ab69c8caf42b82bf2d6371a8d10a808177b4848e,5,11239424
odd_10_420,4,0,type_fix,release,0,88db051bec73c5263939a943ab69c8caf42b82bf2d6371a8d10a808177b4848e,5,11255808
odd_10_420,4,0,token,release,0,88db051bec73c5263939a943ab69c8caf42b82bf2d6371a8d10a808177b4848e,5,11239424
odd_10_420,4,1,baseline,release,0,88db051bec73c5263939a943ab69c8caf42b82bf2d6371a8d10a808177b4848e,5,18628608
odd_10_420,4,1,type_fix,release,0,88db051bec73c5263939a943ab69c8caf42b82bf2d6371a8d10a808177b4848e,5,18612224
odd_10_420,4,1,token,release,0,88db051bec73c5263939a943ab69c8caf42b82bf2d6371a8d10a808177b4848e,5,18579456
odd_10_420,8,0,baseline,release,0,88db051bec73c5263939a943ab69c8caf42b82bf2d6371a8d10a808177b4848e,5,14090240
odd_10_420,8,0,type_fix,release,0,88db051bec73c5263939a943ab69c8caf42b82bf2d6371a8d10a808177b4848e,5,14073856
odd_10_420,8,0,token,release,0,88db051bec73c5263939a943ab69c8caf42b82bf2d6371a8d10a808177b4848e,5,14057472
odd_10_420,8,1,baseline,release,0,88db051bec73c5263939a943ab69c8caf42b82bf2d6371a8d10a808177b4848e,5,21413888
odd_10_420,8,1,type_fix,release,0,88db051bec73c5263939a943ab69c8caf42b82bf2d6371a8d10a808177b4848e,5,21430272
odd_10_420,8,1,token,release,0,88db051bec73c5263939a943ab69c8caf42b82bf2d6371a8d10a808177b4848e,5,21397504
odd_10_420,16,0,baseline,release,0,88db051bec73c5263939a943ab69c8caf42b82bf2d6371a8d10a808177b4848e,5,19709952
odd_10_420,16,0,type_fix,release,0,88db051bec73c5263939a943ab69c8caf42b82bf2d6371a8d10a808177b4848e,5,19709952
odd_10_420,16,0,token,release,0,88db051bec73c5263939a943ab69c8caf42b82bf2d6371a8d10a808177b4848e,5,19660800
odd_10_420,16,1,baseline,release,0,88db051bec73c5263939a943ab69c8caf42b82bf2d6371a8d10a808177b4848e,5,27066368
odd_10_420,16,1,type_fix,release,0,88db051bec73c5263939a943ab69c8caf42b82bf2d6371a8d10a808177b4848e,5,27066368
odd_10_420,16,1,token,release,0,88db051bec73c5263939a943ab69c8caf42b82bf2d6371a8d10a808177b4848e,5,27049984
odd_10_422,1,0,baseline,release,0,3b501ad996e30c906aab841c956d9cf3ef7ee6e8d0612b5637cc8dd9c846be77,5,10027008
odd_10_422,1,0,type_fix,release,0,3b501ad996e30c906aab841c956d9cf3ef7ee6e8d0612b5637cc8dd9c846be77,5,9994240
odd_10_422,1,0,token,release,0,3b501ad996e30c906aab841c956d9cf3ef7ee6e8d0612b5637cc8dd9c846be77,5,9961472
odd_10_422,1,1,baseline,release,0,3b501ad996e30c906aab841c956d9cf3ef7ee6e8d0612b5637cc8dd9c846be77,5,10010624
odd_10_422,1,1,type_fix,release,0,3b501ad996e30c906aab841c956d9cf3ef7ee6e8d0612b5637cc8dd9c846be77,5,9994240
odd_10_422,1,1,token,release,0,3b501ad996e30c906aab841c956d9cf3ef7ee6e8d0612b5637cc8dd9c846be77,5,9961472
odd_10_422,2,0,baseline,release,0,3b501ad996e30c906aab841c956d9cf3ef7ee6e8d0612b5637cc8dd9c846be77,5,10813440
odd_10_422,2,0,type_fix,release,0,3b501ad996e30c906aab841c956d9cf3ef7ee6e8d0612b5637cc8dd9c846be77,5,10780672
odd_10_422,2,0,token,release,0,3b501ad996e30c906aab841c956d9cf3ef7ee6e8d0612b5637cc8dd9c846be77,5,10731520
odd_10_422,2,1,baseline,release,0,3b501ad996e30c906aab841c956d9cf3ef7ee6e8d0612b5637cc8dd9c846be77,5,18071552
odd_10_422,2,1,type_fix,release,0,3b501ad996e30c906aab841c956d9cf3ef7ee6e8d0612b5637cc8dd9c846be77,5,18071552
odd_10_422,2,1,token,release,0,3b501ad996e30c906aab841c956d9cf3ef7ee6e8d0612b5637cc8dd9c846be77,5,18038784
odd_10_422,4,0,baseline,release,0,3b501ad996e30c906aab841c956d9cf3ef7ee6e8d0612b5637cc8dd9c846be77,5,12271616
odd_10_422,4,0,type_fix,release,0,3b501ad996e30c906aab841c956d9cf3ef7ee6e8d0612b5637cc8dd9c846be77,5,12238848
odd_10_422,4,0,token,release,0,3b501ad996e30c906aab841c956d9cf3ef7ee6e8d0612b5637cc8dd9c846be77,5,12222464
odd_10_422,4,1,baseline,release,0,3b501ad996e30c906aab841c956d9cf3ef7ee6e8d0612b5637cc8dd9c846be77,5,19628032
odd_10_422,4,1,type_fix,release,0,3b501ad996e30c906aab841c956d9cf3ef7ee6e8d0612b5637cc8dd9c846be77,5,19611648
odd_10_422,4,1,token,release,0,3b501ad996e30c906aab841c956d9cf3ef7ee6e8d0612b5637cc8dd9c846be77,5,19562496
odd_10_422,8,0,baseline,release,0,3b501ad996e30c906aab841c956d9cf3ef7ee6e8d0612b5637cc8dd9c846be77,5,15073280
odd_10_422,8,0,type_fix,release,0,3b501ad996e30c906aab841c956d9cf3ef7ee6e8d0612b5637cc8dd9c846be77,5,15073280
odd_10_422,8,0,token,release,0,3b501ad996e30c906aab841c956d9cf3ef7ee6e8d0612b5637cc8dd9c846be77,5,15056896
odd_10_422,8,1,baseline,release,0,3b501ad996e30c906aab841c956d9cf3ef7ee6e8d0612b5637cc8dd9c846be77,5,22413312
odd_10_422,8,1,type_fix,release,0,3b501ad996e30c906aab841c956d9cf3ef7ee6e8d0612b5637cc8dd9c846be77,5,22413312
odd_10_422,8,1,token,release,0,3b501ad996e30c906aab841c956d9cf3ef7ee6e8d0612b5637cc8dd9c846be77,5,22380544
odd_10_422,16,0,baseline,release,0,3b501ad996e30c906aab841c956d9cf3ef7ee6e8d0612b5637cc8dd9c846be77,5,20709376
odd_10_422,16,0,type_fix,release,0,3b501ad996e30c906aab841c956d9cf3ef7ee6e8d0612b5637cc8dd9c846be77,5,20709376
odd_10_422,16,0,token,release,0,3b501ad996e30c906aab841c956d9cf3ef7ee6e8d0612b5637cc8dd9c846be77,5,20692992
odd_10_422,16,1,baseline,release,0,3b501ad996e30c906aab841c956d9cf3ef7ee6e8d0612b5637cc8dd9c846be77,5,28098560
odd_10_422,16,1,type_fix,release,0,3b501ad996e30c906aab841c956d9cf3ef7ee6e8d0612b5637cc8dd9c846be77,5,28065792
odd_10_422,16,1,token,release,0,3b501ad996e30c906aab841c956d9cf3ef7ee6e8d0612b5637cc8dd9c846be77,5,28033024
odd_10_444,1,0,baseline,release,0,d11e27b8c0cc3d01592c6103e234708a54732df516787c3ab99fcbc4c5b086d3,5,11927552
odd_10_444,1,0,type_fix,release,0,d11e27b8c0cc3d01592c6103e234708a54732df516787c3ab99fcbc4c5b086d3,5,11894784
odd_10_444,1,0,token,release,0,d11e27b8c0cc3d01592c6103e234708a54732df516787c3ab99fcbc4c5b086d3,5,11878400
odd_10_444,1,1,baseline,release,0,d11e27b8c0cc3d01592c6103e234708a54732df516787c3ab99fcbc4c5b086d3,5,11911168
odd_10_444,1,1,type_fix,release,0,d11e27b8c0cc3d01592c6103e234708a54732df516787c3ab99fcbc4c5b086d3,5,11894784
odd_10_444,1,1,token,release,0,d11e27b8c0cc3d01592c6103e234708a54732df516787c3ab99fcbc4c5b086d3,5,11862016
odd_10_444,2,0,baseline,release,0,d11e27b8c0cc3d01592c6103e234708a54732df516787c3ab99fcbc4c5b086d3,5,12713984
odd_10_444,2,0,type_fix,release,0,d11e27b8c0cc3d01592c6103e234708a54732df516787c3ab99fcbc4c5b086d3,5,12713984
odd_10_444,2,0,token,release,0,d11e27b8c0cc3d01592c6103e234708a54732df516787c3ab99fcbc4c5b086d3,5,12664832
odd_10_444,2,1,baseline,release,0,d11e27b8c0cc3d01592c6103e234708a54732df516787c3ab99fcbc4c5b086d3,5,20004864
odd_10_444,2,1,type_fix,release,0,d11e27b8c0cc3d01592c6103e234708a54732df516787c3ab99fcbc4c5b086d3,5,20004864
odd_10_444,2,1,token,release,0,d11e27b8c0cc3d01592c6103e234708a54732df516787c3ab99fcbc4c5b086d3,5,19955712
odd_10_444,4,0,baseline,release,0,d11e27b8c0cc3d01592c6103e234708a54732df516787c3ab99fcbc4c5b086d3,5,14188544
odd_10_444,4,0,type_fix,release,0,d11e27b8c0cc3d01592c6103e234708a54732df516787c3ab99fcbc4c5b086d3,5,14188544
odd_10_444,4,0,token,release,0,d11e27b8c0cc3d01592c6103e234708a54732df516787c3ab99fcbc4c5b086d3,5,14155776
odd_10_444,4,1,baseline,release,0,d11e27b8c0cc3d01592c6103e234708a54732df516787c3ab99fcbc4c5b086d3,5,21528576
odd_10_444,4,1,type_fix,release,0,d11e27b8c0cc3d01592c6103e234708a54732df516787c3ab99fcbc4c5b086d3,5,21528576
odd_10_444,4,1,token,release,0,d11e27b8c0cc3d01592c6103e234708a54732df516787c3ab99fcbc4c5b086d3,5,21495808
odd_10_444,8,0,baseline,release,0,d11e27b8c0cc3d01592c6103e234708a54732df516787c3ab99fcbc4c5b086d3,5,17072128
odd_10_444,8,0,type_fix,release,0,d11e27b8c0cc3d01592c6103e234708a54732df516787c3ab99fcbc4c5b086d3,5,17055744
odd_10_444,8,0,token,release,0,d11e27b8c0cc3d01592c6103e234708a54732df516787c3ab99fcbc4c5b086d3,5,17022976
odd_10_444,8,1,baseline,release,0,d11e27b8c0cc3d01592c6103e234708a54732df516787c3ab99fcbc4c5b086d3,5,24395776
odd_10_444,8,1,type_fix,release,0,d11e27b8c0cc3d01592c6103e234708a54732df516787c3ab99fcbc4c5b086d3,5,24412160
odd_10_444,8,1,token,release,0,d11e27b8c0cc3d01592c6103e234708a54732df516787c3ab99fcbc4c5b086d3,5,24395776
odd_10_444,16,0,baseline,release,0,d11e27b8c0cc3d01592c6103e234708a54732df516787c3ab99fcbc4c5b086d3,5,22822912
odd_10_444,16,0,type_fix,release,0,d11e27b8c0cc3d01592c6103e234708a54732df516787c3ab99fcbc4c5b086d3,5,22855680
odd_10_444,16,0,token,release,0,d11e27b8c0cc3d01592c6103e234708a54732df516787c3ab99fcbc4c5b086d3,5,22773760
odd_10_444,16,1,baseline,release,0,d11e27b8c0cc3d01592c6103e234708a54732df516787c3ab99fcbc4c5b086d3,5,30162944
odd_10_444,16,1,type_fix,release,0,d11e27b8c0cc3d01592c6103e234708a54732df516787c3ab99fcbc4c5b086d3,5,30179328
odd_10_444,16,1,token,release,0,d11e27b8c0cc3d01592c6103e234708a54732df516787c3ab99fcbc4c5b086d3,5,30146560
odd_10_mono,1,0,baseline,release,0,35222d55299284a6079144f58675063e25f610c9537617929b39e191405da432,5,8863744
odd_10_mono,1,0,type_fix,release,0,35222d55299284a6079144f58675063e25f610c9537617929b39e191405da432,5,8847360
odd_10_mono,1,0,token,release,0,35222d55299284a6079144f58675063e25f610c9537617929b39e191405da432,5,8830976
odd_10_mono,1,1,baseline,release,0,35222d55299284a6079144f58675063e25f610c9537617929b39e191405da432,5,8880128
odd_10_mono,1,1,type_fix,release,0,35222d55299284a6079144f58675063e25f610c9537617929b39e191405da432,5,8847360
odd_10_mono,1,1,token,release,0,35222d55299284a6079144f58675063e25f610c9537617929b39e191405da432,5,8847360
odd_10_mono,2,0,baseline,release,0,35222d55299284a6079144f58675063e25f610c9537617929b39e191405da432,5,9633792
odd_10_mono,2,0,type_fix,release,0,35222d55299284a6079144f58675063e25f610c9537617929b39e191405da432,5,9617408
odd_10_mono,2,0,token,release,0,35222d55299284a6079144f58675063e25f610c9537617929b39e191405da432,5,9584640
odd_10_mono,2,1,baseline,release,0,35222d55299284a6079144f58675063e25f610c9537617929b39e191405da432,5,16908288
odd_10_mono,2,1,type_fix,release,0,35222d55299284a6079144f58675063e25f610c9537617929b39e191405da432,5,16908288
odd_10_mono,2,1,token,release,0,35222d55299284a6079144f58675063e25f610c9537617929b39e191405da432,5,16875520
odd_10_mono,4,0,baseline,release,0,35222d55299284a6079144f58675063e25f610c9537617929b39e191405da432,5,11042816
odd_10_mono,4,0,type_fix,release,0,35222d55299284a6079144f58675063e25f610c9537617929b39e191405da432,5,11026432
odd_10_mono,4,0,token,release,0,35222d55299284a6079144f58675063e25f610c9537617929b39e191405da432,5,11010048
odd_10_mono,4,1,baseline,release,0,35222d55299284a6079144f58675063e25f610c9537617929b39e191405da432,5,18399232
odd_10_mono,4,1,type_fix,release,0,35222d55299284a6079144f58675063e25f610c9537617929b39e191405da432,5,18382848
odd_10_mono,4,1,token,release,0,35222d55299284a6079144f58675063e25f610c9537617929b39e191405da432,5,18350080
odd_10_mono,8,0,baseline,release,0,35222d55299284a6079144f58675063e25f610c9537617929b39e191405da432,5,13762560
odd_10_mono,8,0,type_fix,release,0,35222d55299284a6079144f58675063e25f610c9537617929b39e191405da432,5,13778944
odd_10_mono,8,0,token,release,0,35222d55299284a6079144f58675063e25f610c9537617929b39e191405da432,5,13762560
odd_10_mono,8,1,baseline,release,0,35222d55299284a6079144f58675063e25f610c9537617929b39e191405da432,5,21118976
odd_10_mono,8,1,type_fix,release,0,35222d55299284a6079144f58675063e25f610c9537617929b39e191405da432,5,21118976
odd_10_mono,8,1,token,release,0,35222d55299284a6079144f58675063e25f610c9537617929b39e191405da432,5,21118976
odd_10_mono,16,0,baseline,release,0,35222d55299284a6079144f58675063e25f610c9537617929b39e191405da432,5,19283968
odd_10_mono,16,0,type_fix,release,0,35222d55299284a6079144f58675063e25f610c9537617929b39e191405da432,5,19267584
odd_10_mono,16,0,token,release,0,35222d55299284a6079144f58675063e25f610c9537617929b39e191405da432,5,19251200
odd_10_mono,16,1,baseline,release,0,35222d55299284a6079144f58675063e25f610c9537617929b39e191405da432,5,26656768
odd_10_mono,16,1,type_fix,release,0,35222d55299284a6079144f58675063e25f610c9537617929b39e191405da432,5,26624000
odd_10_mono,16,1,token,release,0,35222d55299284a6079144f58675063e25f610c9537617929b39e191405da432,5,26591232
odd_12_420,1,0,baseline,release,0,18d143fd9e4dad6183a05970f5e505430b38ab6d5e5bd6369c4599535d061cd5,5,9027584
odd_12_420,1,0,type_fix,release,0,18d143fd9e4dad6183a05970f5e505430b38ab6d5e5bd6369c4599535d061cd5,5,8994816
odd_12_420,1,0,token,release,0,18d143fd9e4dad6183a05970f5e505430b38ab6d5e5bd6369c4599535d061cd5,5,8978432
odd_12_420,1,1,baseline,release,0,18d143fd9e4dad6183a05970f5e505430b38ab6d5e5bd6369c4599535d061cd5,5,9027584
odd_12_420,1,1,type_fix,release,0,18d143fd9e4dad6183a05970f5e505430b38ab6d5e5bd6369c4599535d061cd5,5,8994816
odd_12_420,1,1,token,release,0,18d143fd9e4dad6183a05970f5e505430b38ab6d5e5bd6369c4599535d061cd5,5,8978432
odd_12_420,2,0,baseline,release,0,18d143fd9e4dad6183a05970f5e505430b38ab6d5e5bd6369c4599535d061cd5,5,9814016
odd_12_420,2,0,type_fix,release,0,18d143fd9e4dad6183a05970f5e505430b38ab6d5e5bd6369c4599535d061cd5,5,9781248
odd_12_420,2,0,token,release,0,18d143fd9e4dad6183a05970f5e505430b38ab6d5e5bd6369c4599535d061cd5,5,9748480
odd_12_420,2,1,baseline,release,0,18d143fd9e4dad6183a05970f5e505430b38ab6d5e5bd6369c4599535d061cd5,5,17072128
odd_12_420,2,1,type_fix,release,0,18d143fd9e4dad6183a05970f5e505430b38ab6d5e5bd6369c4599535d061cd5,5,17055744
odd_12_420,2,1,token,release,0,18d143fd9e4dad6183a05970f5e505430b38ab6d5e5bd6369c4599535d061cd5,5,17055744
odd_12_420,4,0,baseline,release,0,18d143fd9e4dad6183a05970f5e505430b38ab6d5e5bd6369c4599535d061cd5,5,11272192
odd_12_420,4,0,type_fix,release,0,18d143fd9e4dad6183a05970f5e505430b38ab6d5e5bd6369c4599535d061cd5,5,11255808
odd_12_420,4,0,token,release,0,18d143fd9e4dad6183a05970f5e505430b38ab6d5e5bd6369c4599535d061cd5,5,11239424
odd_12_420,4,1,baseline,release,0,18d143fd9e4dad6183a05970f5e505430b38ab6d5e5bd6369c4599535d061cd5,5,18612224
odd_12_420,4,1,type_fix,release,0,18d143fd9e4dad6183a05970f5e505430b38ab6d5e5bd6369c4599535d061cd5,5,18595840
odd_12_420,4,1,token,release,0,18d143fd9e4dad6183a05970f5e505430b38ab6d5e5bd6369c4599535d061cd5,5,18579456
odd_12_420,8,0,baseline,release,0,18d143fd9e4dad6183a05970f5e505430b38ab6d5e5bd6369c4599535d061cd5,5,14057472
odd_12_420,8,0,type_fix,release,0,18d143fd9e4dad6183a05970f5e505430b38ab6d5e5bd6369c4599535d061cd5,5,14041088
odd_12_420,8,0,token,release,0,18d143fd9e4dad6183a05970f5e505430b38ab6d5e5bd6369c4599535d061cd5,5,14073856
odd_12_420,8,1,baseline,release,0,18d143fd9e4dad6183a05970f5e505430b38ab6d5e5bd6369c4599535d061cd5,5,21413888
odd_12_420,8,1,type_fix,release,0,18d143fd9e4dad6183a05970f5e505430b38ab6d5e5bd6369c4599535d061cd5,5,21397504
odd_12_420,8,1,token,release,0,18d143fd9e4dad6183a05970f5e505430b38ab6d5e5bd6369c4599535d061cd5,5,21397504
odd_12_420,16,0,baseline,release,0,18d143fd9e4dad6183a05970f5e505430b38ab6d5e5bd6369c4599535d061cd5,5,19742720
odd_12_420,16,0,type_fix,release,0,18d143fd9e4dad6183a05970f5e505430b38ab6d5e5bd6369c4599535d061cd5,5,19677184
odd_12_420,16,0,token,release,0,18d143fd9e4dad6183a05970f5e505430b38ab6d5e5bd6369c4599535d061cd5,5,19660800
odd_12_420,16,1,baseline,release,0,18d143fd9e4dad6183a05970f5e505430b38ab6d5e5bd6369c4599535d061cd5,5,27082752
odd_12_420,16,1,type_fix,release,0,18d143fd9e4dad6183a05970f5e505430b38ab6d5e5bd6369c4599535d061cd5,5,27082752
odd_12_420,16,1,token,release,0,18d143fd9e4dad6183a05970f5e505430b38ab6d5e5bd6369c4599535d061cd5,5,27017216
odd_12_422,1,0,baseline,release,0,f96cc54db9003ffeded2d59e84ebe6eab1f786aa07a0eca55440c6ba66e5922d,5,9994240
odd_12_422,1,0,type_fix,release,0,f96cc54db9003ffeded2d59e84ebe6eab1f786aa07a0eca55440c6ba66e5922d,5,9961472
odd_12_422,1,0,token,release,0,f96cc54db9003ffeded2d59e84ebe6eab1f786aa07a0eca55440c6ba66e5922d,5,9945088
odd_12_422,1,1,baseline,release,0,f96cc54db9003ffeded2d59e84ebe6eab1f786aa07a0eca55440c6ba66e5922d,5,9994240
odd_12_422,1,1,type_fix,release,0,f96cc54db9003ffeded2d59e84ebe6eab1f786aa07a0eca55440c6ba66e5922d,5,9961472
odd_12_422,1,1,token,release,0,f96cc54db9003ffeded2d59e84ebe6eab1f786aa07a0eca55440c6ba66e5922d,5,9928704
odd_12_422,2,0,baseline,release,0,f96cc54db9003ffeded2d59e84ebe6eab1f786aa07a0eca55440c6ba66e5922d,5,10747904
odd_12_422,2,0,type_fix,release,0,f96cc54db9003ffeded2d59e84ebe6eab1f786aa07a0eca55440c6ba66e5922d,5,10747904
odd_12_422,2,0,token,release,0,f96cc54db9003ffeded2d59e84ebe6eab1f786aa07a0eca55440c6ba66e5922d,5,10698752
odd_12_422,2,1,baseline,release,0,f96cc54db9003ffeded2d59e84ebe6eab1f786aa07a0eca55440c6ba66e5922d,5,18038784
odd_12_422,2,1,type_fix,release,0,f96cc54db9003ffeded2d59e84ebe6eab1f786aa07a0eca55440c6ba66e5922d,5,18038784
odd_12_422,2,1,token,release,0,f96cc54db9003ffeded2d59e84ebe6eab1f786aa07a0eca55440c6ba66e5922d,5,18022400
odd_12_422,4,0,baseline,release,0,f96cc54db9003ffeded2d59e84ebe6eab1f786aa07a0eca55440c6ba66e5922d,5,12206080
odd_12_422,4,0,type_fix,release,0,f96cc54db9003ffeded2d59e84ebe6eab1f786aa07a0eca55440c6ba66e5922d,5,12206080
odd_12_422,4,0,token,release,0,f96cc54db9003ffeded2d59e84ebe6eab1f786aa07a0eca55440c6ba66e5922d,5,12189696
odd_12_422,4,1,baseline,release,0,f96cc54db9003ffeded2d59e84ebe6eab1f786aa07a0eca55440c6ba66e5922d,5,19578880
odd_12_422,4,1,type_fix,release,0,f96cc54db9003ffeded2d59e84ebe6eab1f786aa07a0eca55440c6ba66e5922d,5,19578880
odd_12_422,4,1,token,release,0,f96cc54db9003ffeded2d59e84ebe6eab1f786aa07a0eca55440c6ba66e5922d,5,19546112
odd_12_422,8,0,baseline,release,0,f96cc54db9003ffeded2d59e84ebe6eab1f786aa07a0eca55440c6ba66e5922d,5,15040512
odd_12_422,8,0,type_fix,release,0,f96cc54db9003ffeded2d59e84ebe6eab1f786aa07a0eca55440c6ba66e5922d,5,15040512
odd_12_422,8,0,token,release,0,f96cc54db9003ffeded2d59e84ebe6eab1f786aa07a0eca55440c6ba66e5922d,5,15024128
odd_12_422,8,1,baseline,release,0,f96cc54db9003ffeded2d59e84ebe6eab1f786aa07a0eca55440c6ba66e5922d,5,22396928
odd_12_422,8,1,type_fix,release,0,f96cc54db9003ffeded2d59e84ebe6eab1f786aa07a0eca55440c6ba66e5922d,5,22380544
odd_12_422,8,1,token,release,0,f96cc54db9003ffeded2d59e84ebe6eab1f786aa07a0eca55440c6ba66e5922d,5,22347776
odd_12_422,16,0,baseline,release,0,f96cc54db9003ffeded2d59e84ebe6eab1f786aa07a0eca55440c6ba66e5922d,5,20742144
odd_12_422,16,0,type_fix,release,0,f96cc54db9003ffeded2d59e84ebe6eab1f786aa07a0eca55440c6ba66e5922d,5,20676608
odd_12_422,16,0,token,release,0,f96cc54db9003ffeded2d59e84ebe6eab1f786aa07a0eca55440c6ba66e5922d,5,20643840
odd_12_422,16,1,baseline,release,0,f96cc54db9003ffeded2d59e84ebe6eab1f786aa07a0eca55440c6ba66e5922d,5,28033024
odd_12_422,16,1,type_fix,release,0,f96cc54db9003ffeded2d59e84ebe6eab1f786aa07a0eca55440c6ba66e5922d,5,28082176
odd_12_422,16,1,token,release,0,f96cc54db9003ffeded2d59e84ebe6eab1f786aa07a0eca55440c6ba66e5922d,5,28033024
odd_12_444,1,0,baseline,release,0,f283d5ef583275e51a11d49fa77f88455aecc7ffd09f1fd6ccf0f65f88396146,5,11911168
odd_12_444,1,0,type_fix,release,0,f283d5ef583275e51a11d49fa77f88455aecc7ffd09f1fd6ccf0f65f88396146,5,11894784
odd_12_444,1,0,token,release,0,f283d5ef583275e51a11d49fa77f88455aecc7ffd09f1fd6ccf0f65f88396146,5,11862016
odd_12_444,1,1,baseline,release,0,f283d5ef583275e51a11d49fa77f88455aecc7ffd09f1fd6ccf0f65f88396146,5,11927552
odd_12_444,1,1,type_fix,release,0,f283d5ef583275e51a11d49fa77f88455aecc7ffd09f1fd6ccf0f65f88396146,5,11894784
odd_12_444,1,1,token,release,0,f283d5ef583275e51a11d49fa77f88455aecc7ffd09f1fd6ccf0f65f88396146,5,11878400
odd_12_444,2,0,baseline,release,0,f283d5ef583275e51a11d49fa77f88455aecc7ffd09f1fd6ccf0f65f88396146,5,12697600
odd_12_444,2,0,type_fix,release,0,f283d5ef583275e51a11d49fa77f88455aecc7ffd09f1fd6ccf0f65f88396146,5,12713984
odd_12_444,2,0,token,release,0,f283d5ef583275e51a11d49fa77f88455aecc7ffd09f1fd6ccf0f65f88396146,5,12648448
odd_12_444,2,1,baseline,release,0,f283d5ef583275e51a11d49fa77f88455aecc7ffd09f1fd6ccf0f65f88396146,5,19988480
odd_12_444,2,1,type_fix,release,0,f283d5ef583275e51a11d49fa77f88455aecc7ffd09f1fd6ccf0f65f88396146,5,20004864
odd_12_444,2,1,token,release,0,f283d5ef583275e51a11d49fa77f88455aecc7ffd09f1fd6ccf0f65f88396146,5,19955712
odd_12_444,4,0,baseline,release,0,f283d5ef583275e51a11d49fa77f88455aecc7ffd09f1fd6ccf0f65f88396146,5,14188544
odd_12_444,4,0,type_fix,release,0,f283d5ef583275e51a11d49fa77f88455aecc7ffd09f1fd6ccf0f65f88396146,5,14188544
odd_12_444,4,0,token,release,0,f283d5ef583275e51a11d49fa77f88455aecc7ffd09f1fd6ccf0f65f88396146,5,14139392
odd_12_444,4,1,baseline,release,0,f283d5ef583275e51a11d49fa77f88455aecc7ffd09f1fd6ccf0f65f88396146,5,21528576
odd_12_444,4,1,type_fix,release,0,f283d5ef583275e51a11d49fa77f88455aecc7ffd09f1fd6ccf0f65f88396146,5,21544960
odd_12_444,4,1,token,release,0,f283d5ef583275e51a11d49fa77f88455aecc7ffd09f1fd6ccf0f65f88396146,5,21495808
odd_12_444,8,0,baseline,release,0,f283d5ef583275e51a11d49fa77f88455aecc7ffd09f1fd6ccf0f65f88396146,5,17088512
odd_12_444,8,0,type_fix,release,0,f283d5ef583275e51a11d49fa77f88455aecc7ffd09f1fd6ccf0f65f88396146,5,17039360
odd_12_444,8,0,token,release,0,f283d5ef583275e51a11d49fa77f88455aecc7ffd09f1fd6ccf0f65f88396146,5,17022976
odd_12_444,8,1,baseline,release,0,f283d5ef583275e51a11d49fa77f88455aecc7ffd09f1fd6ccf0f65f88396146,5,24412160
odd_12_444,8,1,type_fix,release,0,f283d5ef583275e51a11d49fa77f88455aecc7ffd09f1fd6ccf0f65f88396146,5,24428544
odd_12_444,8,1,token,release,0,f283d5ef583275e51a11d49fa77f88455aecc7ffd09f1fd6ccf0f65f88396146,5,24346624
odd_12_444,16,0,baseline,release,0,f283d5ef583275e51a11d49fa77f88455aecc7ffd09f1fd6ccf0f65f88396146,5,22822912
odd_12_444,16,0,type_fix,release,0,f283d5ef583275e51a11d49fa77f88455aecc7ffd09f1fd6ccf0f65f88396146,5,22822912
odd_12_444,16,0,token,release,0,f283d5ef583275e51a11d49fa77f88455aecc7ffd09f1fd6ccf0f65f88396146,5,22773760
odd_12_444,16,1,baseline,release,0,f283d5ef583275e51a11d49fa77f88455aecc7ffd09f1fd6ccf0f65f88396146,5,30179328
odd_12_444,16,1,type_fix,release,0,f283d5ef583275e51a11d49fa77f88455aecc7ffd09f1fd6ccf0f65f88396146,5,30179328
odd_12_444,16,1,token,release,0,f283d5ef583275e51a11d49fa77f88455aecc7ffd09f1fd6ccf0f65f88396146,5,30146560
odd_12_mono,1,0,baseline,release,0,7f49e16184992a61b06fa4eb21a3ce692c285b3c813e1300a0a62d71d4fbbfd2,5,8847360
odd_12_mono,1,0,type_fix,release,0,7f49e16184992a61b06fa4eb21a3ce692c285b3c813e1300a0a62d71d4fbbfd2,5,8830976
odd_12_mono,1,0,token,release,0,7f49e16184992a61b06fa4eb21a3ce692c285b3c813e1300a0a62d71d4fbbfd2,5,8814592
odd_12_mono,1,1,baseline,release,0,7f49e16184992a61b06fa4eb21a3ce692c285b3c813e1300a0a62d71d4fbbfd2,5,8847360
odd_12_mono,1,1,type_fix,release,0,7f49e16184992a61b06fa4eb21a3ce692c285b3c813e1300a0a62d71d4fbbfd2,5,8830976
odd_12_mono,1,1,token,release,0,7f49e16184992a61b06fa4eb21a3ce692c285b3c813e1300a0a62d71d4fbbfd2,5,8814592
odd_12_mono,2,0,baseline,release,0,7f49e16184992a61b06fa4eb21a3ce692c285b3c813e1300a0a62d71d4fbbfd2,5,9601024
odd_12_mono,2,0,type_fix,release,0,7f49e16184992a61b06fa4eb21a3ce692c285b3c813e1300a0a62d71d4fbbfd2,5,9584640
odd_12_mono,2,0,token,release,0,7f49e16184992a61b06fa4eb21a3ce692c285b3c813e1300a0a62d71d4fbbfd2,5,9568256
odd_12_mono,2,1,baseline,release,0,7f49e16184992a61b06fa4eb21a3ce692c285b3c813e1300a0a62d71d4fbbfd2,5,16908288
odd_12_mono,2,1,type_fix,release,0,7f49e16184992a61b06fa4eb21a3ce692c285b3c813e1300a0a62d71d4fbbfd2,5,16908288
odd_12_mono,2,1,token,release,0,7f49e16184992a61b06fa4eb21a3ce692c285b3c813e1300a0a62d71d4fbbfd2,5,16859136
odd_12_mono,4,0,baseline,release,0,7f49e16184992a61b06fa4eb21a3ce692c285b3c813e1300a0a62d71d4fbbfd2,5,11010048
odd_12_mono,4,0,type_fix,release,0,7f49e16184992a61b06fa4eb21a3ce692c285b3c813e1300a0a62d71d4fbbfd2,5,10993664
odd_12_mono,4,0,token,release,0,7f49e16184992a61b06fa4eb21a3ce692c285b3c813e1300a0a62d71d4fbbfd2,5,11010048
odd_12_mono,4,1,baseline,release,0,7f49e16184992a61b06fa4eb21a3ce692c285b3c813e1300a0a62d71d4fbbfd2,5,18366464
odd_12_mono,4,1,type_fix,release,0,7f49e16184992a61b06fa4eb21a3ce692c285b3c813e1300a0a62d71d4fbbfd2,5,18333696
odd_12_mono,4,1,token,release,0,7f49e16184992a61b06fa4eb21a3ce692c285b3c813e1300a0a62d71d4fbbfd2,5,18300928
odd_12_mono,8,0,baseline,release,0,7f49e16184992a61b06fa4eb21a3ce692c285b3c813e1300a0a62d71d4fbbfd2,5,13762560
odd_12_mono,8,0,type_fix,release,0,7f49e16184992a61b06fa4eb21a3ce692c285b3c813e1300a0a62d71d4fbbfd2,5,13746176
odd_12_mono,8,0,token,release,0,7f49e16184992a61b06fa4eb21a3ce692c285b3c813e1300a0a62d71d4fbbfd2,5,13729792
odd_12_mono,8,1,baseline,release,0,7f49e16184992a61b06fa4eb21a3ce692c285b3c813e1300a0a62d71d4fbbfd2,5,21086208
odd_12_mono,8,1,type_fix,release,0,7f49e16184992a61b06fa4eb21a3ce692c285b3c813e1300a0a62d71d4fbbfd2,5,21118976
odd_12_mono,8,1,token,release,0,7f49e16184992a61b06fa4eb21a3ce692c285b3c813e1300a0a62d71d4fbbfd2,5,21102592
odd_12_mono,16,0,baseline,release,0,7f49e16184992a61b06fa4eb21a3ce692c285b3c813e1300a0a62d71d4fbbfd2,5,19251200
odd_12_mono,16,0,type_fix,release,0,7f49e16184992a61b06fa4eb21a3ce692c285b3c813e1300a0a62d71d4fbbfd2,5,19267584
odd_12_mono,16,0,token,release,0,7f49e16184992a61b06fa4eb21a3ce692c285b3c813e1300a0a62d71d4fbbfd2,5,19251200
odd_12_mono,16,1,baseline,release,0,7f49e16184992a61b06fa4eb21a3ce692c285b3c813e1300a0a62d71d4fbbfd2,5,26591232
odd_12_mono,16,1,type_fix,release,0,7f49e16184992a61b06fa4eb21a3ce692c285b3c813e1300a0a62d71d4fbbfd2,5,26542080
odd_12_mono,16,1,token,release,0,7f49e16184992a61b06fa4eb21a3ce692c285b3c813e1300a0a62d71d4fbbfd2,5,26574848
edge_65x1,1,0,baseline,release,0,7e1b75e642e6d1a821864ab1f496b89ceb1fb245322e4e6d698c43bd5e806c67,3,4243456
edge_65x1,1,0,type_fix,release,0,7e1b75e642e6d1a821864ab1f496b89ceb1fb245322e4e6d698c43bd5e806c67,3,4227072
edge_65x1,1,0,token,release,0,7e1b75e642e6d1a821864ab1f496b89ceb1fb245322e4e6d698c43bd5e806c67,3,4227072
edge_65x1,1,1,baseline,release,0,7e1b75e642e6d1a821864ab1f496b89ceb1fb245322e4e6d698c43bd5e806c67,3,4243456
edge_65x1,1,1,type_fix,release,0,7e1b75e642e6d1a821864ab1f496b89ceb1fb245322e4e6d698c43bd5e806c67,3,4227072
edge_65x1,1,1,token,release,0,7e1b75e642e6d1a821864ab1f496b89ceb1fb245322e4e6d698c43bd5e806c67,3,4227072
edge_65x1,2,0,baseline,release,0,7e1b75e642e6d1a821864ab1f496b89ceb1fb245322e4e6d698c43bd5e806c67,3,4243456
edge_65x1,2,0,type_fix,release,0,7e1b75e642e6d1a821864ab1f496b89ceb1fb245322e4e6d698c43bd5e806c67,3,4227072
edge_65x1,2,0,token,release,0,7e1b75e642e6d1a821864ab1f496b89ceb1fb245322e4e6d698c43bd5e806c67,3,4227072
edge_65x1,2,1,baseline,release,0,7e1b75e642e6d1a821864ab1f496b89ceb1fb245322e4e6d698c43bd5e806c67,3,5324800
edge_65x1,2,1,type_fix,release,0,7e1b75e642e6d1a821864ab1f496b89ceb1fb245322e4e6d698c43bd5e806c67,3,5324800
edge_65x1,2,1,token,release,0,7e1b75e642e6d1a821864ab1f496b89ceb1fb245322e4e6d698c43bd5e806c67,3,5324800
edge_65x1,4,0,baseline,release,0,7e1b75e642e6d1a821864ab1f496b89ceb1fb245322e4e6d698c43bd5e806c67,3,4243456
edge_65x1,4,0,type_fix,release,0,7e1b75e642e6d1a821864ab1f496b89ceb1fb245322e4e6d698c43bd5e806c67,3,4227072
edge_65x1,4,0,token,release,0,7e1b75e642e6d1a821864ab1f496b89ceb1fb245322e4e6d698c43bd5e806c67,3,4227072
edge_65x1,4,1,baseline,release,0,7e1b75e642e6d1a821864ab1f496b89ceb1fb245322e4e6d698c43bd5e806c67,3,6488064
edge_65x1,4,1,type_fix,release,0,7e1b75e642e6d1a821864ab1f496b89ceb1fb245322e4e6d698c43bd5e806c67,3,6488064
edge_65x1,4,1,token,release,0,7e1b75e642e6d1a821864ab1f496b89ceb1fb245322e4e6d698c43bd5e806c67,3,6488064
edge_65x1,8,0,baseline,release,0,7e1b75e642e6d1a821864ab1f496b89ceb1fb245322e4e6d698c43bd5e806c67,3,4243456
edge_65x1,8,0,type_fix,release,0,7e1b75e642e6d1a821864ab1f496b89ceb1fb245322e4e6d698c43bd5e806c67,3,4227072
edge_65x1,8,0,token,release,0,7e1b75e642e6d1a821864ab1f496b89ceb1fb245322e4e6d698c43bd5e806c67,3,4227072
edge_65x1,8,1,baseline,release,0,7e1b75e642e6d1a821864ab1f496b89ceb1fb245322e4e6d698c43bd5e806c67,3,8749056
edge_65x1,8,1,type_fix,release,0,7e1b75e642e6d1a821864ab1f496b89ceb1fb245322e4e6d698c43bd5e806c67,3,8749056
edge_65x1,8,1,token,release,0,7e1b75e642e6d1a821864ab1f496b89ceb1fb245322e4e6d698c43bd5e806c67,3,8749056
edge_65x1,16,0,baseline,release,0,7e1b75e642e6d1a821864ab1f496b89ceb1fb245322e4e6d698c43bd5e806c67,3,4243456
edge_65x1,16,0,type_fix,release,0,7e1b75e642e6d1a821864ab1f496b89ceb1fb245322e4e6d698c43bd5e806c67,3,4227072
edge_65x1,16,0,token,release,0,7e1b75e642e6d1a821864ab1f496b89ceb1fb245322e4e6d698c43bd5e806c67,3,4227072
edge_65x1,16,1,baseline,release,0,7e1b75e642e6d1a821864ab1f496b89ceb1fb245322e4e6d698c43bd5e806c67,3,13369344
edge_65x1,16,1,type_fix,release,0,7e1b75e642e6d1a821864ab1f496b89ceb1fb245322e4e6d698c43bd5e806c67,3,13369344
edge_65x1,16,1,token,release,0,7e1b75e642e6d1a821864ab1f496b89ceb1fb245322e4e6d698c43bd5e806c67,3,13369344
edge_65x63,1,0,baseline,release,0,ff8080bcb6b0ff18b1abcc94c25f31dad8e4679e906ad816117179eaf6a54774,3,4341760
edge_65x63,1,0,type_fix,release,0,ff8080bcb6b0ff18b1abcc94c25f31dad8e4679e906ad816117179eaf6a54774,3,4325376
edge_65x63,1,0,token,release,0,ff8080bcb6b0ff18b1abcc94c25f31dad8e4679e906ad816117179eaf6a54774,3,4341760
edge_65x63,1,1,baseline,release,0,ff8080bcb6b0ff18b1abcc94c25f31dad8e4679e906ad816117179eaf6a54774,3,4341760
edge_65x63,1,1,type_fix,release,0,ff8080bcb6b0ff18b1abcc94c25f31dad8e4679e906ad816117179eaf6a54774,3,4325376
edge_65x63,1,1,token,release,0,ff8080bcb6b0ff18b1abcc94c25f31dad8e4679e906ad816117179eaf6a54774,3,4341760
edge_65x63,2,0,baseline,release,0,ff8080bcb6b0ff18b1abcc94c25f31dad8e4679e906ad816117179eaf6a54774,3,4341760
edge_65x63,2,0,type_fix,release,0,ff8080bcb6b0ff18b1abcc94c25f31dad8e4679e906ad816117179eaf6a54774,3,4325376
edge_65x63,2,0,token,release,0,ff8080bcb6b0ff18b1abcc94c25f31dad8e4679e906ad816117179eaf6a54774,3,4341760
edge_65x63,2,1,baseline,release,0,ff8080bcb6b0ff18b1abcc94c25f31dad8e4679e906ad816117179eaf6a54774,3,5914624
edge_65x63,2,1,type_fix,release,0,ff8080bcb6b0ff18b1abcc94c25f31dad8e4679e906ad816117179eaf6a54774,3,5914624
edge_65x63,2,1,token,release,0,ff8080bcb6b0ff18b1abcc94c25f31dad8e4679e906ad816117179eaf6a54774,3,5931008
edge_65x63,4,0,baseline,release,0,ff8080bcb6b0ff18b1abcc94c25f31dad8e4679e906ad816117179eaf6a54774,3,4341760
edge_65x63,4,0,type_fix,release,0,ff8080bcb6b0ff18b1abcc94c25f31dad8e4679e906ad816117179eaf6a54774,3,4325376
edge_65x63,4,0,token,release,0,ff8080bcb6b0ff18b1abcc94c25f31dad8e4679e906ad816117179eaf6a54774,3,4341760
edge_65x63,4,1,baseline,release,0,ff8080bcb6b0ff18b1abcc94c25f31dad8e4679e906ad816117179eaf6a54774,3,7077888
edge_65x63,4,1,type_fix,release,0,ff8080bcb6b0ff18b1abcc94c25f31dad8e4679e906ad816117179eaf6a54774,3,7077888
edge_65x63,4,1,token,release,0,ff8080bcb6b0ff18b1abcc94c25f31dad8e4679e906ad816117179eaf6a54774,3,7094272
edge_65x63,8,0,baseline,release,0,ff8080bcb6b0ff18b1abcc94c25f31dad8e4679e906ad816117179eaf6a54774,3,4341760
edge_65x63,8,0,type_fix,release,0,ff8080bcb6b0ff18b1abcc94c25f31dad8e4679e906ad816117179eaf6a54774,3,4325376
edge_65x63,8,0,token,release,0,ff8080bcb6b0ff18b1abcc94c25f31dad8e4679e906ad816117179eaf6a54774,3,4341760
edge_65x63,8,1,baseline,release,0,ff8080bcb6b0ff18b1abcc94c25f31dad8e4679e906ad816117179eaf6a54774,3,9388032
edge_65x63,8,1,type_fix,release,0,ff8080bcb6b0ff18b1abcc94c25f31dad8e4679e906ad816117179eaf6a54774,3,9371648
edge_65x63,8,1,token,release,0,ff8080bcb6b0ff18b1abcc94c25f31dad8e4679e906ad816117179eaf6a54774,3,9388032
edge_65x63,16,0,baseline,release,0,ff8080bcb6b0ff18b1abcc94c25f31dad8e4679e906ad816117179eaf6a54774,3,4341760
edge_65x63,16,0,type_fix,release,0,ff8080bcb6b0ff18b1abcc94c25f31dad8e4679e906ad816117179eaf6a54774,3,4325376
edge_65x63,16,0,token,release,0,ff8080bcb6b0ff18b1abcc94c25f31dad8e4679e906ad816117179eaf6a54774,3,4341760
edge_65x63,16,1,baseline,release,0,ff8080bcb6b0ff18b1abcc94c25f31dad8e4679e906ad816117179eaf6a54774,3,13959168
edge_65x63,16,1,type_fix,release,0,ff8080bcb6b0ff18b1abcc94c25f31dad8e4679e906ad816117179eaf6a54774,3,13959168
edge_65x63,16,1,token,release,0,ff8080bcb6b0ff18b1abcc94c25f31dad8e4679e906ad816117179eaf6a54774,3,13975552
edge_65x64,1,0,baseline,release,0,4ed91fd8f3e8e70f6a45c2674c993890f0abf5b2e19563d01bd225856fa26312,3,4325376
edge_65x64,1,0,type_fix,release,0,4ed91fd8f3e8e70f6a45c2674c993890f0abf5b2e19563d01bd225856fa26312,3,4308992
edge_65x64,1,0,token,release,0,4ed91fd8f3e8e70f6a45c2674c993890f0abf5b2e19563d01bd225856fa26312,3,4325376
edge_65x64,1,1,baseline,release,0,4ed91fd8f3e8e70f6a45c2674c993890f0abf5b2e19563d01bd225856fa26312,3,4325376
edge_65x64,1,1,type_fix,release,0,4ed91fd8f3e8e70f6a45c2674c993890f0abf5b2e19563d01bd225856fa26312,3,4308992
edge_65x64,1,1,token,release,0,4ed91fd8f3e8e70f6a45c2674c993890f0abf5b2e19563d01bd225856fa26312,3,4325376
edge_65x64,2,0,baseline,release,0,4ed91fd8f3e8e70f6a45c2674c993890f0abf5b2e19563d01bd225856fa26312,3,4325376
edge_65x64,2,0,type_fix,release,0,4ed91fd8f3e8e70f6a45c2674c993890f0abf5b2e19563d01bd225856fa26312,3,4308992
edge_65x64,2,0,token,release,0,4ed91fd8f3e8e70f6a45c2674c993890f0abf5b2e19563d01bd225856fa26312,3,4325376
edge_65x64,2,1,baseline,release,0,4ed91fd8f3e8e70f6a45c2674c993890f0abf5b2e19563d01bd225856fa26312,3,5898240
edge_65x64,2,1,type_fix,release,0,4ed91fd8f3e8e70f6a45c2674c993890f0abf5b2e19563d01bd225856fa26312,3,5898240
edge_65x64,2,1,token,release,0,4ed91fd8f3e8e70f6a45c2674c993890f0abf5b2e19563d01bd225856fa26312,3,5914624
edge_65x64,4,0,baseline,release,0,4ed91fd8f3e8e70f6a45c2674c993890f0abf5b2e19563d01bd225856fa26312,3,4325376
edge_65x64,4,0,type_fix,release,0,4ed91fd8f3e8e70f6a45c2674c993890f0abf5b2e19563d01bd225856fa26312,3,4308992
edge_65x64,4,0,token,release,0,4ed91fd8f3e8e70f6a45c2674c993890f0abf5b2e19563d01bd225856fa26312,3,4325376
edge_65x64,4,1,baseline,release,0,4ed91fd8f3e8e70f6a45c2674c993890f0abf5b2e19563d01bd225856fa26312,3,7061504
edge_65x64,4,1,type_fix,release,0,4ed91fd8f3e8e70f6a45c2674c993890f0abf5b2e19563d01bd225856fa26312,3,7061504
edge_65x64,4,1,token,release,0,4ed91fd8f3e8e70f6a45c2674c993890f0abf5b2e19563d01bd225856fa26312,3,7077888
edge_65x64,8,0,baseline,release,0,4ed91fd8f3e8e70f6a45c2674c993890f0abf5b2e19563d01bd225856fa26312,3,4325376
edge_65x64,8,0,type_fix,release,0,4ed91fd8f3e8e70f6a45c2674c993890f0abf5b2e19563d01bd225856fa26312,3,4308992
edge_65x64,8,0,token,release,0,4ed91fd8f3e8e70f6a45c2674c993890f0abf5b2e19563d01bd225856fa26312,3,4325376
edge_65x64,8,1,baseline,release,0,4ed91fd8f3e8e70f6a45c2674c993890f0abf5b2e19563d01bd225856fa26312,3,9388032
edge_65x64,8,1,type_fix,release,0,4ed91fd8f3e8e70f6a45c2674c993890f0abf5b2e19563d01bd225856fa26312,3,9371648
edge_65x64,8,1,token,release,0,4ed91fd8f3e8e70f6a45c2674c993890f0abf5b2e19563d01bd225856fa26312,3,9371648
edge_65x64,16,0,baseline,release,0,4ed91fd8f3e8e70f6a45c2674c993890f0abf5b2e19563d01bd225856fa26312,3,4325376
edge_65x64,16,0,type_fix,release,0,4ed91fd8f3e8e70f6a45c2674c993890f0abf5b2e19563d01bd225856fa26312,3,4308992
edge_65x64,16,0,token,release,0,4ed91fd8f3e8e70f6a45c2674c993890f0abf5b2e19563d01bd225856fa26312,3,4325376
edge_65x64,16,1,baseline,release,0,4ed91fd8f3e8e70f6a45c2674c993890f0abf5b2e19563d01bd225856fa26312,3,13942784
edge_65x64,16,1,type_fix,release,0,4ed91fd8f3e8e70f6a45c2674c993890f0abf5b2e19563d01bd225856fa26312,3,13942784
edge_65x64,16,1,token,release,0,4ed91fd8f3e8e70f6a45c2674c993890f0abf5b2e19563d01bd225856fa26312,3,13959168
edge_65x65,1,0,baseline,release,0,dcdb0675920a96fc5f4398ffb97e50c414882410371e39dbce6f6476f422aebf,3,4423680
edge_65x65,1,0,type_fix,release,0,dcdb0675920a96fc5f4398ffb97e50c414882410371e39dbce6f6476f422aebf,3,4407296
edge_65x65,1,0,token,release,0,dcdb0675920a96fc5f4398ffb97e50c414882410371e39dbce6f6476f422aebf,3,4407296
edge_65x65,1,1,baseline,release,0,dcdb0675920a96fc5f4398ffb97e50c414882410371e39dbce6f6476f422aebf,3,4423680
edge_65x65,1,1,type_fix,release,0,dcdb0675920a96fc5f4398ffb97e50c414882410371e39dbce6f6476f422aebf,3,4407296
edge_65x65,1,1,token,release,0,dcdb0675920a96fc5f4398ffb97e50c414882410371e39dbce6f6476f422aebf,3,4407296
edge_65x65,2,0,baseline,release,0,dcdb0675920a96fc5f4398ffb97e50c414882410371e39dbce6f6476f422aebf,3,4423680
edge_65x65,2,0,type_fix,release,0,dcdb0675920a96fc5f4398ffb97e50c414882410371e39dbce6f6476f422aebf,3,4407296
edge_65x65,2,0,token,release,0,dcdb0675920a96fc5f4398ffb97e50c414882410371e39dbce6f6476f422aebf,3,4407296
edge_65x65,2,1,baseline,release,0,dcdb0675920a96fc5f4398ffb97e50c414882410371e39dbce6f6476f422aebf,3,6012928
edge_65x65,2,1,type_fix,release,0,dcdb0675920a96fc5f4398ffb97e50c414882410371e39dbce6f6476f422aebf,3,5996544
edge_65x65,2,1,token,release,0,dcdb0675920a96fc5f4398ffb97e50c414882410371e39dbce6f6476f422aebf,3,5996544
edge_65x65,4,0,baseline,release,0,dcdb0675920a96fc5f4398ffb97e50c414882410371e39dbce6f6476f422aebf,3,4423680
edge_65x65,4,0,type_fix,release,0,dcdb0675920a96fc5f4398ffb97e50c414882410371e39dbce6f6476f422aebf,3,4407296
edge_65x65,4,0,token,release,0,dcdb0675920a96fc5f4398ffb97e50c414882410371e39dbce6f6476f422aebf,3,4407296
edge_65x65,4,1,baseline,release,0,dcdb0675920a96fc5f4398ffb97e50c414882410371e39dbce6f6476f422aebf,3,7192576
edge_65x65,4,1,type_fix,release,0,dcdb0675920a96fc5f4398ffb97e50c414882410371e39dbce6f6476f422aebf,3,7159808
edge_65x65,4,1,token,release,0,dcdb0675920a96fc5f4398ffb97e50c414882410371e39dbce6f6476f422aebf,3,7159808
edge_65x65,8,0,baseline,release,0,dcdb0675920a96fc5f4398ffb97e50c414882410371e39dbce6f6476f422aebf,3,4423680
edge_65x65,8,0,type_fix,release,0,dcdb0675920a96fc5f4398ffb97e50c414882410371e39dbce6f6476f422aebf,3,4407296
edge_65x65,8,0,token,release,0,dcdb0675920a96fc5f4398ffb97e50c414882410371e39dbce6f6476f422aebf,3,4407296
edge_65x65,8,1,baseline,release,0,dcdb0675920a96fc5f4398ffb97e50c414882410371e39dbce6f6476f422aebf,3,9486336
edge_65x65,8,1,type_fix,release,0,dcdb0675920a96fc5f4398ffb97e50c414882410371e39dbce6f6476f422aebf,3,9453568
edge_65x65,8,1,token,release,0,dcdb0675920a96fc5f4398ffb97e50c414882410371e39dbce6f6476f422aebf,3,9453568
edge_65x65,16,0,baseline,release,0,dcdb0675920a96fc5f4398ffb97e50c414882410371e39dbce6f6476f422aebf,3,4423680
edge_65x65,16,0,type_fix,release,0,dcdb0675920a96fc5f4398ffb97e50c414882410371e39dbce6f6476f422aebf,3,4407296
edge_65x65,16,0,token,release,0,dcdb0675920a96fc5f4398ffb97e50c414882410371e39dbce6f6476f422aebf,3,4407296
edge_65x65,16,1,baseline,release,0,dcdb0675920a96fc5f4398ffb97e50c414882410371e39dbce6f6476f422aebf,3,14057472
edge_65x65,16,1,type_fix,release,0,dcdb0675920a96fc5f4398ffb97e50c414882410371e39dbce6f6476f422aebf,3,14041088
edge_65x65,16,1,token,release,0,dcdb0675920a96fc5f4398ffb97e50c414882410371e39dbce6f6476f422aebf,3,14041088
edge_65x127,1,0,baseline,release,0,a995663c3300dd09eee96d961d7c818c8d9ecc486a4cf10e93b9957c18d69781,3,4472832
edge_65x127,1,0,type_fix,release,0,a995663c3300dd09eee96d961d7c818c8d9ecc486a4cf10e93b9957c18d69781,3,4456448
edge_65x127,1,0,token,release,0,a995663c3300dd09eee96d961d7c818c8d9ecc486a4cf10e93b9957c18d69781,3,4472832
edge_65x127,1,1,baseline,release,0,a995663c3300dd09eee96d961d7c818c8d9ecc486a4cf10e93b9957c18d69781,3,4489216
edge_65x127,1,1,type_fix,release,0,a995663c3300dd09eee96d961d7c818c8d9ecc486a4cf10e93b9957c18d69781,3,4456448
edge_65x127,1,1,token,release,0,a995663c3300dd09eee96d961d7c818c8d9ecc486a4cf10e93b9957c18d69781,3,4472832
edge_65x127,2,0,baseline,release,0,a995663c3300dd09eee96d961d7c818c8d9ecc486a4cf10e93b9957c18d69781,3,4489216
edge_65x127,2,0,type_fix,release,0,a995663c3300dd09eee96d961d7c818c8d9ecc486a4cf10e93b9957c18d69781,3,4456448
edge_65x127,2,0,token,release,0,a995663c3300dd09eee96d961d7c818c8d9ecc486a4cf10e93b9957c18d69781,3,4472832
edge_65x127,2,1,baseline,release,0,a995663c3300dd09eee96d961d7c818c8d9ecc486a4cf10e93b9957c18d69781,3,6569984
edge_65x127,2,1,type_fix,release,0,a995663c3300dd09eee96d961d7c818c8d9ecc486a4cf10e93b9957c18d69781,3,6537216
edge_65x127,2,1,token,release,0,a995663c3300dd09eee96d961d7c818c8d9ecc486a4cf10e93b9957c18d69781,3,6553600
edge_65x127,4,0,baseline,release,0,a995663c3300dd09eee96d961d7c818c8d9ecc486a4cf10e93b9957c18d69781,3,4489216
edge_65x127,4,0,type_fix,release,0,a995663c3300dd09eee96d961d7c818c8d9ecc486a4cf10e93b9957c18d69781,3,4456448
edge_65x127,4,0,token,release,0,a995663c3300dd09eee96d961d7c818c8d9ecc486a4cf10e93b9957c18d69781,3,4472832
edge_65x127,4,1,baseline,release,0,a995663c3300dd09eee96d961d7c818c8d9ecc486a4cf10e93b9957c18d69781,3,7733248
edge_65x127,4,1,type_fix,release,0,a995663c3300dd09eee96d961d7c818c8d9ecc486a4cf10e93b9957c18d69781,3,7700480
edge_65x127,4,1,token,release,0,a995663c3300dd09eee96d961d7c818c8d9ecc486a4cf10e93b9957c18d69781,3,7716864
edge_65x127,8,0,baseline,release,0,a995663c3300dd09eee96d961d7c818c8d9ecc486a4cf10e93b9957c18d69781,3,4472832
edge_65x127,8,0,type_fix,release,0,a995663c3300dd09eee96d961d7c818c8d9ecc486a4cf10e93b9957c18d69781,3,4456448
edge_65x127,8,0,token,release,0,a995663c3300dd09eee96d961d7c818c8d9ecc486a4cf10e93b9957c18d69781,3,4472832
edge_65x127,8,1,baseline,release,0,a995663c3300dd09eee96d961d7c818c8d9ecc486a4cf10e93b9957c18d69781,3,10027008
edge_65x127,8,1,type_fix,release,0,a995663c3300dd09eee96d961d7c818c8d9ecc486a4cf10e93b9957c18d69781,3,10027008
edge_65x127,8,1,token,release,0,a995663c3300dd09eee96d961d7c818c8d9ecc486a4cf10e93b9957c18d69781,3,10027008
edge_65x127,16,0,baseline,release,0,a995663c3300dd09eee96d961d7c818c8d9ecc486a4cf10e93b9957c18d69781,3,4489216
edge_65x127,16,0,type_fix,release,0,a995663c3300dd09eee96d961d7c818c8d9ecc486a4cf10e93b9957c18d69781,3,4456448
edge_65x127,16,0,token,release,0,a995663c3300dd09eee96d961d7c818c8d9ecc486a4cf10e93b9957c18d69781,3,4472832
edge_65x127,16,1,baseline,release,0,a995663c3300dd09eee96d961d7c818c8d9ecc486a4cf10e93b9957c18d69781,3,14614528
edge_65x127,16,1,type_fix,release,0,a995663c3300dd09eee96d961d7c818c8d9ecc486a4cf10e93b9957c18d69781,3,14581760
edge_65x127,16,1,token,release,0,a995663c3300dd09eee96d961d7c818c8d9ecc486a4cf10e93b9957c18d69781,3,14598144
edge_65x129,1,0,baseline,release,0,35641c925bc92ae5f85d1f73ac5dc8292ba6d9a97a570fec1be1e0b12f62115c,3,4702208
edge_65x129,1,0,type_fix,release,0,35641c925bc92ae5f85d1f73ac5dc8292ba6d9a97a570fec1be1e0b12f62115c,3,4669440
edge_65x129,1,0,token,release,0,35641c925bc92ae5f85d1f73ac5dc8292ba6d9a97a570fec1be1e0b12f62115c,3,4669440
edge_65x129,1,1,baseline,release,0,35641c925bc92ae5f85d1f73ac5dc8292ba6d9a97a570fec1be1e0b12f62115c,3,4685824
edge_65x129,1,1,type_fix,release,0,35641c925bc92ae5f85d1f73ac5dc8292ba6d9a97a570fec1be1e0b12f62115c,3,4669440
edge_65x129,1,1,token,release,0,35641c925bc92ae5f85d1f73ac5dc8292ba6d9a97a570fec1be1e0b12f62115c,3,4653056
edge_65x129,2,0,baseline,release,0,35641c925bc92ae5f85d1f73ac5dc8292ba6d9a97a570fec1be1e0b12f62115c,3,4685824
edge_65x129,2,0,type_fix,release,0,35641c925bc92ae5f85d1f73ac5dc8292ba6d9a97a570fec1be1e0b12f62115c,3,4669440
edge_65x129,2,0,token,release,0,35641c925bc92ae5f85d1f73ac5dc8292ba6d9a97a570fec1be1e0b12f62115c,3,4653056
edge_65x129,2,1,baseline,release,0,35641c925bc92ae5f85d1f73ac5dc8292ba6d9a97a570fec1be1e0b12f62115c,3,6799360
edge_65x129,2,1,type_fix,release,0,35641c925bc92ae5f85d1f73ac5dc8292ba6d9a97a570fec1be1e0b12f62115c,3,6782976
edge_65x129,2,1,token,release,0,35641c925bc92ae5f85d1f73ac5dc8292ba6d9a97a570fec1be1e0b12f62115c,3,6750208
edge_65x129,4,0,baseline,release,0,35641c925bc92ae5f85d1f73ac5dc8292ba6d9a97a570fec1be1e0b12f62115c,3,4702208
edge_65x129,4,0,type_fix,release,0,35641c925bc92ae5f85d1f73ac5dc8292ba6d9a97a570fec1be1e0b12f62115c,3,4669440
edge_65x129,4,0,token,release,0,35641c925bc92ae5f85d1f73ac5dc8292ba6d9a97a570fec1be1e0b12f62115c,3,4653056
edge_65x129,4,1,baseline,release,0,35641c925bc92ae5f85d1f73ac5dc8292ba6d9a97a570fec1be1e0b12f62115c,3,7946240
edge_65x129,4,1,type_fix,release,0,35641c925bc92ae5f85d1f73ac5dc8292ba6d9a97a570fec1be1e0b12f62115c,3,7929856
edge_65x129,4,1,token,release,0,35641c925bc92ae5f85d1f73ac5dc8292ba6d9a97a570fec1be1e0b12f62115c,3,7929856
edge_65x129,8,0,baseline,release,0,35641c925bc92ae5f85d1f73ac5dc8292ba6d9a97a570fec1be1e0b12f62115c,3,4685824
edge_65x129,8,0,type_fix,release,0,35641c925bc92ae5f85d1f73ac5dc8292ba6d9a97a570fec1be1e0b12f62115c,3,4669440
edge_65x129,8,0,token,release,0,35641c925bc92ae5f85d1f73ac5dc8292ba6d9a97a570fec1be1e0b12f62115c,3,4653056
edge_65x129,8,1,baseline,release,0,35641c925bc92ae5f85d1f73ac5dc8292ba6d9a97a570fec1be1e0b12f62115c,3,10240000
edge_65x129,8,1,type_fix,release,0,35641c925bc92ae5f85d1f73ac5dc8292ba6d9a97a570fec1be1e0b12f62115c,3,10223616
edge_65x129,8,1,token,release,0,35641c925bc92ae5f85d1f73ac5dc8292ba6d9a97a570fec1be1e0b12f62115c,3,10207232
edge_65x129,16,0,baseline,release,0,35641c925bc92ae5f85d1f73ac5dc8292ba6d9a97a570fec1be1e0b12f62115c,3,4685824
edge_65x129,16,0,type_fix,release,0,35641c925bc92ae5f85d1f73ac5dc8292ba6d9a97a570fec1be1e0b12f62115c,3,4669440
edge_65x129,16,0,token,release,0,35641c925bc92ae5f85d1f73ac5dc8292ba6d9a97a570fec1be1e0b12f62115c,3,4669440
edge_65x129,16,1,baseline,release,0,35641c925bc92ae5f85d1f73ac5dc8292ba6d9a97a570fec1be1e0b12f62115c,3,14843904
edge_65x129,16,1,type_fix,release,0,35641c925bc92ae5f85d1f73ac5dc8292ba6d9a97a570fec1be1e0b12f62115c,3,14811136
edge_65x129,16,1,token,release,0,35641c925bc92ae5f85d1f73ac5dc8292ba6d9a97a570fec1be1e0b12f62115c,3,14778368
