cell_id,family,width,height,W,contrast,analysis_role,blocks,median_ratio,ci95_low,ci95_high,min_block_ratio,max_block_ratio,bootstrap_seed,bootstrap_resamples,status
0,waves,1920,1080,2,hybrid/type_fix,original_primary,12,1.0138413442721244,0.8743085207516845,1.0897273770350853,0.8525624472791751,1.1604620930095138,311000,50000,INCONCLUSIVE_LOCAL_NONINFERIORITY
0,waves,1920,1080,2,dual_token/type_fix,secondary_descriptive,12,0.9869010709082958,0.896133229722794,1.1486700045107305,0.8464445413428408,1.1830906091550364,311000,50000,SECONDARY_DESCRIPTIVE_NO_GATE
0,waves,1920,1080,2,dual_token/hybrid,secondary_descriptive,12,1.0255033886935603,0.9082522190939732,1.143118085453832,0.8451034211493899,1.1574664046527323,311000,50000,SECONDARY_DESCRIPTIVE_NO_GATE
1,waves,1920,1080,8,hybrid/type_fix,original_primary,12,1.0011213150487577,0.8709835021938269,1.2141650274411324,0.8037903002541967,1.2598083444821255,311001,50000,INCONCLUSIVE_LOCAL_NONINFERIORITY
1,waves,1920,1080,8,dual_token/type_fix,secondary_descriptive,12,1.0019676461373275,0.8636028625849669,1.2181575038573484,0.8182715299654609,1.2443168665215982,311001,50000,SECONDARY_DESCRIPTIVE_NO_GATE
1,waves,1920,1080,8,dual_token/hybrid,secondary_descriptive,12,0.9957556596991561,0.8283835046615804,1.220597231154646,0.798346382712183,1.2393094660948474,311001,50000,SECONDARY_DESCRIPTIVE_NO_GATE
2,waves,1920,1080,16,hybrid/type_fix,original_primary,12,1.0012412303644556,0.8277330485924279,1.220194606245091,0.8117260387417347,1.239238699444885,311002,50000,INCONCLUSIVE_LOCAL_NONINFERIORITY
2,waves,1920,1080,16,dual_token/type_fix,secondary_descriptive,12,0.9880763447989551,0.8277059974184895,1.22494479925941,0.8125175092321406,1.2411559932258671,311002,50000,SECONDARY_DESCRIPTIVE_NO_GATE
2,waves,1920,1080,16,dual_token/hybrid,secondary_descriptive,12,1.0006655787139018,0.8124386039893121,1.206498686214354,0.7973606268511229,1.2524262667002772,311002,50000,SECONDARY_DESCRIPTIVE_NO_GATE
3,waves,3840,2160,2,hybrid/type_fix,original_primary,12,0.9992291991813644,0.9738813435127476,1.0456951295890462,0.953636812599113,1.0551589826151309,311003,50000,INCONCLUSIVE_LOCAL_NONINFERIORITY
3,waves,3840,2160,2,dual_token/type_fix,secondary_descriptive,12,1.0011966407496768,0.9638324243036104,1.0445536442716579,0.9535430975082524,1.0571773690773068,311003,50000,SECONDARY_DESCRIPTIVE_NO_GATE
3,waves,3840,2160,2,dual_token/hybrid,secondary_descriptive,12,0.9989408882812423,0.9581326097550982,1.0448592421435627,0.9485415174715206,1.055513098450229,311003,50000,SECONDARY_DESCRIPTIVE_NO_GATE
4,waves,3840,2160,8,hybrid/type_fix,original_primary,12,0.9952459112152502,0.9429800157128612,1.041908564296167,0.9231548649881519,1.0755231632007332,311004,50000,INCONCLUSIVE_LOCAL_NONINFERIORITY
4,waves,3840,2160,8,dual_token/type_fix,secondary_descriptive,12,1.0007831193937893,0.9421773477111375,1.0664620083094967,0.932459762876485,1.0707602032339025,311004,50000,SECONDARY_DESCRIPTIVE_NO_GATE
4,waves,3840,2160,8,dual_token/hybrid,secondary_descriptive,12,1.0043960266786125,0.964277050783307,1.0593710056792498,0.9293437407306578,1.0822939700908114,311004,50000,SECONDARY_DESCRIPTIVE_NO_GATE
5,waves,3840,2160,16,hybrid/type_fix,original_primary,12,0.9936827402194006,0.9344453406735868,1.0714796718329702,0.9280520716237438,1.0920158948079075,311005,50000,INCONCLUSIVE_LOCAL_NONINFERIORITY
5,waves,3840,2160,16,dual_token/type_fix,secondary_descriptive,12,1.003810237871158,0.940299366783288,1.056495037361325,0.9285774090106081,1.073108386734771,311005,50000,SECONDARY_DESCRIPTIVE_NO_GATE
5,waves,3840,2160,16,dual_token/hybrid,secondary_descriptive,12,1.0038139532578936,0.932433768213618,1.0601031695579515,0.9216087366031974,1.0854244647739506,311005,50000,SECONDARY_DESCRIPTIVE_NO_GATE
6,checker,1920,1080,2,hybrid/type_fix,original_primary,12,0.9997367114997828,0.9681000114515994,1.038678635930906,0.9661456395237741,1.0406720787557067,311006,50000,INCONCLUSIVE_LOCAL_NONINFERIORITY
6,checker,1920,1080,2,dual_token/type_fix,secondary_descriptive,12,1.0085573715903622,0.9698597952846814,1.0391924759196012,0.9643829127897174,1.0459086171859173,311006,50000,SECONDARY_DESCRIPTIVE_NO_GATE
6,checker,1920,1080,2,dual_token/hybrid,secondary_descriptive,12,1.0005853702612322,0.9802296247728574,1.0387985364146997,0.9657378935803992,1.0480838741219585,311006,50000,SECONDARY_DESCRIPTIVE_NO_GATE
7,checker,1920,1080,8,hybrid/type_fix,original_primary,12,1.0046021431325793,0.9781410533479238,1.0440482873113501,0.9561676711906161,1.053798614353921,311007,50000,INCONCLUSIVE_LOCAL_NONINFERIORITY
7,checker,1920,1080,8,dual_token/type_fix,secondary_descriptive,12,1.0060409871563052,0.9666777567684859,1.044627895716896,0.9607430377076438,1.0508274906826978,311007,50000,SECONDARY_DESCRIPTIVE_NO_GATE
7,checker,1920,1080,8,dual_token/hybrid,secondary_descriptive,12,0.9996955687719393,0.962187862077003,1.0382830989362766,0.9571540195001529,1.0510412781817362,311007,50000,SECONDARY_DESCRIPTIVE_NO_GATE
8,checker,1920,1080,16,hybrid/type_fix,original_primary,12,1.0048015207660868,0.9680764103886579,1.0429995325601127,0.9622604471956686,1.0514752130252092,311008,50000,INCONCLUSIVE_LOCAL_NONINFERIORITY
8,checker,1920,1080,16,dual_token/type_fix,secondary_descriptive,12,1.0093471167131773,0.9678750443241434,1.04614480019419,0.9618851456539282,1.0531830612176718,311008,50000,SECONDARY_DESCRIPTIVE_NO_GATE
8,checker,1920,1080,16,dual_token/hybrid,secondary_descriptive,12,1.0002690279127204,0.9658003291454065,1.0405210634561382,0.9601551112705411,1.0478557089412734,311008,50000,SECONDARY_DESCRIPTIVE_NO_GATE
9,checker,3840,2160,2,hybrid/type_fix,original_primary,12,1.001092214819076,0.9957841259435951,1.0118765535846974,0.9931970988966323,1.0134905944688937,311009,50000,PASS_LOCAL_NONINFERIORITY
9,checker,3840,2160,2,dual_token/type_fix,secondary_descriptive,12,1.0055088913970303,0.997764735033388,1.0104713673640546,0.9972482305889486,1.0144322118773348,311009,50000,SECONDARY_DESCRIPTIVE_NO_GATE
9,checker,3840,2160,2,dual_token/hybrid,secondary_descriptive,12,1.0029694979795272,0.9941575183457939,1.0098692185624798,0.9919591880419614,1.0124599547153073,311009,50000,SECONDARY_DESCRIPTIVE_NO_GATE
10,checker,3840,2160,8,hybrid/type_fix,original_primary,12,1.0006527393915239,0.992767155599904,1.0127171193508118,0.9899715775858271,1.015734774475161,311010,50000,PASS_LOCAL_NONINFERIORITY
10,checker,3840,2160,8,dual_token/type_fix,secondary_descriptive,12,1.0071401562231834,0.9956797643258799,1.0128645299543941,0.9938482028478145,1.0198611355150113,311010,50000,SECONDARY_DESCRIPTIVE_NO_GATE
10,checker,3840,2160,8,dual_token/hybrid,secondary_descriptive,12,1.002421992370217,0.9939014336483105,1.014515022619578,0.9916364230162265,1.0177404608889726,311010,50000,SECONDARY_DESCRIPTIVE_NO_GATE
11,checker,3840,2160,16,hybrid/type_fix,original_primary,12,1.0051488092336647,0.9956762631538014,1.014792661465759,0.9902438876693664,1.0187399352046664,311011,50000,PASS_LOCAL_NONINFERIORITY
11,checker,3840,2160,16,dual_token/type_fix,secondary_descriptive,12,1.0055436155731523,0.9982160279246575,1.015214022901607,0.9921719778972069,1.0176801062574878,311011,50000,SECONDARY_DESCRIPTIVE_NO_GATE
11,checker,3840,2160,16,dual_token/hybrid,secondary_descriptive,12,1.0022532998901952,0.9912812618717153,1.009499135593551,0.9864856313786464,1.012122588994155,311011,50000,SECONDARY_DESCRIPTIVE_NO_GATE
12,texture,1920,1080,2,hybrid/type_fix,original_primary,12,1.0070632273573865,0.9747799963118275,1.0328060995363684,0.9665539576401909,1.0430042716004089,311012,50000,INCONCLUSIVE_LOCAL_NONINFERIORITY
12,texture,1920,1080,2,dual_token/type_fix,secondary_descriptive,12,1.0030818763607718,0.9732008553800764,1.0234498118261692,0.9673957553509096,1.0373660909334679,311012,50000,SECONDARY_DESCRIPTIVE_NO_GATE
12,texture,1920,1080,2,dual_token/hybrid,secondary_descriptive,12,0.9978023940702005,0.9747349734484289,1.0155066010898395,0.9659294852198057,1.03076248413824,311012,50000,SECONDARY_DESCRIPTIVE_NO_GATE
13,texture,1920,1080,8,hybrid/type_fix,original_primary,12,1.0073835717454687,0.9715021623781114,1.041618092746639,0.9653307882064934,1.0478134271067103,311013,50000,INCONCLUSIVE_LOCAL_NONINFERIORITY
13,texture,1920,1080,8,dual_token/type_fix,secondary_descriptive,12,1.0077778311518077,0.9699266480167864,1.0361063064671718,0.9653995770073268,1.0435991577658423,311013,50000,SECONDARY_DESCRIPTIVE_NO_GATE
13,texture,1920,1080,8,dual_token/hybrid,secondary_descriptive,12,0.9989395499327285,0.9672644283675954,1.0283125575772414,0.9597010196601883,1.043993530363182,311013,50000,SECONDARY_DESCRIPTIVE_NO_GATE
14,texture,1920,1080,16,hybrid/type_fix,original_primary,12,1.0065085312882065,0.9798116522868845,1.0392891586424136,0.966224394038666,1.0445391920224105,311014,50000,INCONCLUSIVE_LOCAL_NONINFERIORITY
14,texture,1920,1080,16,dual_token/type_fix,secondary_descriptive,12,1.0007044397106317,0.9732893035714534,1.0341198155652795,0.9673997813307853,1.0428073990908162,311014,50000,SECONDARY_DESCRIPTIVE_NO_GATE
14,texture,1920,1080,16,dual_token/hybrid,secondary_descriptive,12,0.9950812543071671,0.9645813395434625,1.0270329391116864,0.957544723514599,1.0373388956921015,311014,50000,SECONDARY_DESCRIPTIVE_NO_GATE
15,texture,3840,2160,2,hybrid/type_fix,original_primary,12,1.0047451968795524,0.9949910214339643,1.010339745053047,0.9917012875456118,1.0126862086442907,311015,50000,PASS_LOCAL_NONINFERIORITY
15,texture,3840,2160,2,dual_token/type_fix,secondary_descriptive,12,1.0036655544153943,0.9948622450008271,1.0103061781532294,0.9934398505564358,1.0131750974416118,311015,50000,SECONDARY_DESCRIPTIVE_NO_GATE
15,texture,3840,2160,2,dual_token/hybrid,secondary_descriptive,12,1.000966038245751,0.9945620345917288,1.005535356188719,0.9896634288281336,1.01073075287192,311015,50000,SECONDARY_DESCRIPTIVE_NO_GATE
16,texture,3840,2160,8,hybrid/type_fix,original_primary,12,1.002962382601702,0.9942935463015239,1.0103736145942368,0.9921974145296317,1.015540742922838,311016,50000,PASS_LOCAL_NONINFERIORITY
16,texture,3840,2160,8,dual_token/type_fix,secondary_descriptive,12,1.003643076606339,0.9957123737706682,1.0080152136520986,0.9937242738851567,1.012164703685425,311016,50000,SECONDARY_DESCRIPTIVE_NO_GATE
16,texture,3840,2160,8,dual_token/hybrid,secondary_descriptive,12,1.0006605391357346,0.9937515843907982,1.0035877040405832,0.9908596835533834,1.010529757947257,311016,50000,SECONDARY_DESCRIPTIVE_NO_GATE
17,texture,3840,2160,16,hybrid/type_fix,original_primary,12,1.0043696792163364,0.9974157283733179,1.0108419044628287,0.9910239034640127,1.014344788743528,311017,50000,PASS_LOCAL_NONINFERIORITY
17,texture,3840,2160,16,dual_token/type_fix,secondary_descriptive,12,1.0038242451258053,0.9955765421637025,1.0087544177007677,0.9923234037804447,1.0136127730659226,311017,50000,SECONDARY_DESCRIPTIVE_NO_GATE
17,texture,3840,2160,16,dual_token/hybrid,secondary_descriptive,12,0.9991269121703659,0.9946892433339427,1.0040049338173331,0.9897277011609746,1.0065047498943347,311017,50000,SECONDARY_DESCRIPTIVE_NO_GATE
