cell_id,block_id,replicate,order,contrast,numerator_ns,denominator_ns,ratio
0,c00_b00,0,"type_fix,dual_token,hybrid",hybrid/type_fix,98816000,113274000,0.8723625898264386
0,c00_b01,1,"hybrid,dual_token,type_fix",hybrid/type_fix,106732000,101057000,1.056156426571143
0,c00_b02,2,"dual_token,type_fix,hybrid",hybrid/type_fix,100758000,101784000,0.9899198302287197
0,c00_b03,3,"dual_token,hybrid,type_fix",hybrid/type_fix,102223000,98809000,1.034551508465828
0,c00_b04,4,"type_fix,hybrid,dual_token",hybrid/type_fix,103040000,117715000,0.8753344943295247
0,c00_b05,5,"hybrid,type_fix,dual_token",hybrid/type_fix,116949000,101079000,1.1570059062713323
0,c00_b06,6,"hybrid,dual_token,type_fix",hybrid/type_fix,115520000,102840000,1.1232983274990276
0,c00_b07,7,"dual_token,hybrid,type_fix",hybrid/type_fix,101076000,99103000,1.0199085799622616
0,c00_b08,8,"type_fix,hybrid,dual_token",hybrid/type_fix,102140000,116961000,0.8732825471738442
0,c00_b09,9,"dual_token,type_fix,hybrid",hybrid/type_fix,102539000,101748000,1.007774108581987
0,c00_b10,10,"hybrid,type_fix,dual_token",hybrid/type_fix,117831000,101538000,1.1604620930095138
0,c00_b11,11,"type_fix,dual_token,hybrid",hybrid/type_fix,99049000,116178000,0.8525624472791751
0,c00_b00,0,"type_fix,dual_token,hybrid",dual_token/type_fix,101430000,113274000,0.8954393770856507
0,c00_b01,1,"hybrid,dual_token,type_fix",dual_token/type_fix,99780000,101057000,0.9873635670957974
0,c00_b02,2,"dual_token,type_fix,hybrid",dual_token/type_fix,116624000,101784000,1.1457989467892793
0,c00_b03,3,"dual_token,hybrid,type_fix",dual_token/type_fix,116900000,98809000,1.1830906091550364
0,c00_b04,4,"type_fix,hybrid,dual_token",dual_token/type_fix,105570000,117715000,0.8968270823599371
0,c00_b05,5,"hybrid,type_fix,dual_token",dual_token/type_fix,98834000,101079000,0.9777896496799533
0,c00_b06,6,"hybrid,dual_token,type_fix",dual_token/type_fix,101847000,102840000,0.9903442240373396
0,c00_b07,7,"dual_token,hybrid,type_fix",dual_token/type_fix,116031000,99103000,1.1708121853021605
0,c00_b08,8,"type_fix,hybrid,dual_token",dual_token/type_fix,99001000,116961000,0.8464445413428408
0,c00_b09,9,"dual_token,type_fix,hybrid",dual_token/type_fix,117167000,101748000,1.1515410622321816
0,c00_b10,10,"hybrid,type_fix,dual_token",dual_token/type_fix,100161000,101538000,0.9864385747207942
0,c00_b11,11,"type_fix,dual_token,hybrid",dual_token/type_fix,101676000,116178000,0.8751743015028662
0,c00_b00,0,"type_fix,dual_token,hybrid",dual_token/hybrid,101430000,98816000,1.0264532059585492
0,c00_b01,1,"hybrid,dual_token,type_fix",dual_token/hybrid,99780000,106732000,0.9348648952516584
0,c00_b02,2,"dual_token,type_fix,hybrid",dual_token/hybrid,116624000,100758000,1.1574664046527323
0,c00_b03,3,"dual_token,hybrid,type_fix",dual_token/hybrid,116900000,102223000,1.1435782553828395
0,c00_b04,4,"type_fix,hybrid,dual_token",dual_token/hybrid,105570000,103040000,1.0245535714285714
0,c00_b05,5,"hybrid,type_fix,dual_token",dual_token/hybrid,98834000,116949000,0.8451034211493899
0,c00_b06,6,"hybrid,dual_token,type_fix",dual_token/hybrid,101847000,115520000,0.8816395429362881
0,c00_b07,7,"dual_token,hybrid,type_fix",dual_token/hybrid,116031000,101076000,1.1479579722189244
0,c00_b08,8,"type_fix,hybrid,dual_token",dual_token/hybrid,99001000,102140000,0.969267671822988
0,c00_b09,9,"dual_token,type_fix,hybrid",dual_token/hybrid,117167000,102539000,1.1426579155248247
0,c00_b10,10,"hybrid,type_fix,dual_token",dual_token/hybrid,100161000,117831000,0.8500394632991318
0,c00_b11,11,"type_fix,dual_token,hybrid",dual_token/hybrid,101676000,99049000,1.0265222263728053
1,c01_b00,0,"type_fix,dual_token,hybrid",hybrid/type_fix,64908000,77739000,0.8349477096438082
1,c01_b01,1,"hybrid,dual_token,type_fix",hybrid/type_fix,79825000,65360000,1.221312729498164
1,c01_b02,2,"dual_token,hybrid,type_fix",hybrid/type_fix,64356000,65302000,0.9855134605371965
1,c01_b03,3,"hybrid,type_fix,dual_token",hybrid/type_fix,80983000,64282000,1.2598083444821255
1,c01_b04,4,"type_fix,hybrid,dual_token",hybrid/type_fix,63874000,79466000,0.8037903002541967
1,c01_b05,5,"dual_token,type_fix,hybrid",hybrid/type_fix,65881000,64797000,1.0167291695603191
1,c01_b06,6,"hybrid,type_fix,dual_token",hybrid/type_fix,77540000,64241000,1.2070173253841006
1,c01_b07,7,"type_fix,hybrid,dual_token",hybrid/type_fix,64719000,79041000,0.8188028997608836
1,c01_b08,8,"type_fix,dual_token,hybrid",hybrid/type_fix,65436000,72144000,0.9070192947438457
1,c01_b09,9,"dual_token,hybrid,type_fix",hybrid/type_fix,64333000,65366000,0.9841966771716183
1,c01_b10,10,"dual_token,type_fix,hybrid",hybrid/type_fix,65493000,64126000,1.0213174063562362
1,c01_b11,11,"hybrid,dual_token,type_fix",hybrid/type_fix,80055000,65504000,1.2221391060087934
1,c01_b00,0,"type_fix,dual_token,hybrid",dual_token/type_fix,63860000,77739000,0.8214667026846242
1,c01_b01,1,"hybrid,dual_token,type_fix",dual_token/type_fix,63728000,65360000,0.975030599755202
1,c01_b02,2,"dual_token,hybrid,type_fix",dual_token/type_fix,79757000,65302000,1.2213561606076384
1,c01_b03,3,"hybrid,type_fix,dual_token",dual_token/type_fix,65654000,64282000,1.0213434553996452
1,c01_b04,4,"type_fix,hybrid,dual_token",dual_token/type_fix,65742000,79466000,0.8272972088692019
1,c01_b05,5,"dual_token,type_fix,hybrid",dual_token/type_fix,80628000,64797000,1.2443168665215982
1,c01_b06,6,"hybrid,type_fix,dual_token",dual_token/type_fix,65603000,64241000,1.0212014134275618
1,c01_b07,7,"type_fix,hybrid,dual_token",dual_token/type_fix,64677000,79041000,0.8182715299654609
1,c01_b08,8,"type_fix,dual_token,hybrid",dual_token/type_fix,64923000,72144000,0.8999085163007319
1,c01_b09,9,"dual_token,hybrid,type_fix",dual_token/type_fix,79417000,65366000,1.2149588471070587
1,c01_b10,10,"dual_token,type_fix,hybrid",dual_token/type_fix,79728000,64126000,1.243302248697876
1,c01_b11,11,"hybrid,dual_token,type_fix",dual_token/type_fix,64373000,65504000,0.9827338788470933
1,c01_b00,0,"type_fix,dual_token,hybrid",dual_token/hybrid,63860000,64908000,0.9838540703765329
1,c01_b01,1,"hybrid,dual_token,type_fix",dual_token/hybrid,63728000,79825000,0.798346382712183
1,c01_b02,2,"dual_token,hybrid,type_fix",dual_token/hybrid,79757000,64356000,1.2393094660948474
1,c01_b03,3,"hybrid,type_fix,dual_token",dual_token/hybrid,65654000,80983000,0.8107133595939888
1,c01_b04,4,"type_fix,hybrid,dual_token",dual_token/hybrid,65742000,63874000,1.0292450762438552
1,c01_b05,5,"dual_token,type_fix,hybrid",dual_token/hybrid,80628000,65881000,1.223842989632823
1,c01_b06,6,"hybrid,type_fix,dual_token",dual_token/hybrid,65603000,77540000,0.8460536497291721
1,c01_b07,7,"type_fix,hybrid,dual_token",dual_token/hybrid,64677000,64719000,0.9993510406526677
1,c01_b08,8,"type_fix,dual_token,hybrid",dual_token/hybrid,64923000,65436000,0.9921602787456446
1,c01_b09,9,"dual_token,hybrid,type_fix",dual_token/hybrid,79417000,64333000,1.2344675361012234
1,c01_b10,10,"dual_token,type_fix,hybrid",dual_token/hybrid,79728000,65493000,1.2173514726764691
1,c01_b11,11,"hybrid,dual_token,type_fix",dual_token/hybrid,64373000,80055000,0.8041096745987134
2,c02_b00,0,"type_fix,hybrid,dual_token",hybrid/type_fix,62731000,77281000,0.8117260387417347
2,c02_b01,1,"type_fix,dual_token,hybrid",hybrid/type_fix,64399000,78530000,0.8200560295428498
2,c02_b02,2,"dual_token,type_fix,hybrid",hybrid/type_fix,65346000,63268000,1.032844407915534
2,c02_b03,3,"hybrid,dual_token,type_fix",hybrid/type_fix,78607000,64714000,1.2146830670334086
2,c02_b04,4,"dual_token,hybrid,type_fix",hybrid/type_fix,62889000,63734000,0.9867417704835724
2,c02_b05,5,"hybrid,type_fix,dual_token",hybrid/type_fix,78435000,63339000,1.2383365698858524
2,c02_b06,6,"hybrid,type_fix,dual_token",hybrid/type_fix,78134000,63050000,1.239238699444885
2,c02_b07,7,"type_fix,dual_token,hybrid",hybrid/type_fix,65101000,78227000,0.8322062714919402
2,c02_b08,8,"dual_token,hybrid,type_fix",hybrid/type_fix,63472000,64324000,0.9867545550649836
2,c02_b09,9,"dual_token,type_fix,hybrid",hybrid/type_fix,64775000,63772000,1.0157279056639277
2,c02_b10,10,"hybrid,dual_token,type_fix",hybrid/type_fix,80019000,65284000,1.2257061454567735
2,c02_b11,11,"type_fix,hybrid,dual_token",hybrid/type_fix,63950000,77679000,0.8232598256929157
2,c02_b00,0,"type_fix,hybrid,dual_token",dual_token/type_fix,63640000,77281000,0.8234883088986944
2,c02_b01,1,"type_fix,dual_token,hybrid",dual_token/type_fix,63807000,78530000,0.8125175092321406
2,c02_b02,2,"dual_token,type_fix,hybrid",dual_token/type_fix,77831000,63268000,1.2301795536448126
2,c02_b03,3,"hybrid,dual_token,type_fix",dual_token/type_fix,63414000,64714000,0.9799116110887907
2,c02_b04,4,"dual_token,hybrid,type_fix",dual_token/type_fix,77737000,63734000,1.2197100448740077
2,c02_b05,5,"hybrid,type_fix,dual_token",dual_token/type_fix,64172000,63339000,1.0131514548698275
2,c02_b06,6,"hybrid,type_fix,dual_token",dual_token/type_fix,62813000,63050000,0.9962410785091197
2,c02_b07,7,"type_fix,dual_token,hybrid",dual_token/type_fix,63593000,78227000,0.8129290398455776
2,c02_b08,8,"dual_token,hybrid,type_fix",dual_token/type_fix,79494000,64324000,1.2358373235495306
2,c02_b09,9,"dual_token,type_fix,hybrid",dual_token/type_fix,79151000,63772000,1.2411559932258671
2,c02_b10,10,"hybrid,dual_token,type_fix",dual_token/type_fix,63804000,65284000,0.9773298204766865
2,c02_b11,11,"type_fix,hybrid,dual_token",dual_token/type_fix,64623000,77679000,0.8319236859382845
2,c02_b00,0,"type_fix,hybrid,dual_token",dual_token/hybrid,63640000,62731000,1.0144904433214839
2,c02_b01,1,"type_fix,dual_token,hybrid",dual_token/hybrid,63807000,64399000,0.9908073106725259
2,c02_b02,2,"dual_token,type_fix,hybrid",dual_token/hybrid,77831000,65346000,1.1910598965506687
2,c02_b03,3,"hybrid,dual_token,type_fix",dual_token/hybrid,63414000,78607000,0.806722047654789
2,c02_b04,4,"dual_token,hybrid,type_fix",dual_token/hybrid,77737000,62889000,1.2360985227941292
2,c02_b05,5,"hybrid,type_fix,dual_token",dual_token/hybrid,64172000,78435000,0.8181551603238351
2,c02_b06,6,"hybrid,type_fix,dual_token",dual_token/hybrid,62813000,78134000,0.803913789131492
2,c02_b07,7,"type_fix,dual_token,hybrid",dual_token/hybrid,63593000,65101000,0.9768359933027142
2,c02_b08,8,"dual_token,hybrid,type_fix",dual_token/hybrid,79494000,63472000,1.2524262667002772
2,c02_b09,9,"dual_token,type_fix,hybrid",dual_token/hybrid,79151000,64775000,1.2219374758780395
2,c02_b10,10,"hybrid,dual_token,type_fix",dual_token/hybrid,63804000,80019000,0.7973606268511229
2,c02_b11,11,"type_fix,hybrid,dual_token",dual_token/hybrid,64623000,63950000,1.0105238467552775
3,c03_b00,0,"hybrid,dual_token,type_fix",hybrid/type_fix,403760000,386563000,1.0444869270985584
3,c03_b01,1,"dual_token,type_fix,hybrid",hybrid/type_fix,387127000,386044000,1.002805379697651
3,c03_b02,2,"dual_token,hybrid,type_fix",hybrid/type_fix,384702000,387320000,0.9932407311783538
3,c03_b03,3,"type_fix,hybrid,dual_token",hybrid/type_fix,384267000,402949000,0.953636812599113
3,c03_b04,4,"type_fix,dual_token,hybrid",hybrid/type_fix,388488000,402502000,0.9651827817004636
3,c03_b05,5,"hybrid,type_fix,dual_token",hybrid/type_fix,406347000,385105000,1.0551589826151309
3,c03_b06,6,"type_fix,dual_token,hybrid",hybrid/type_fix,395004000,402007000,0.9825799053250317
3,c03_b07,7,"type_fix,hybrid,dual_token",hybrid/type_fix,383124000,401430000,0.9543980270532845
3,c03_b08,8,"dual_token,type_fix,hybrid",hybrid/type_fix,387764000,384960000,1.0072838736492102
3,c03_b09,9,"hybrid,type_fix,dual_token",hybrid/type_fix,403576000,385495000,1.046903332079534
3,c03_b10,10,"dual_token,hybrid,type_fix",hybrid/type_fix,384337000,386015000,0.9956530186650778
3,c03_b11,11,"hybrid,dual_token,type_fix",hybrid/type_fix,406422000,385324000,1.0547539213752581
3,c03_b00,0,"hybrid,dual_token,type_fix",dual_token/type_fix,384774000,386563000,0.9953720350887177
3,c03_b01,1,"dual_token,type_fix,hybrid",dual_token/type_fix,402684000,386044000,1.0431038948928102
3,c03_b02,2,"dual_token,hybrid,type_fix",dual_token/type_fix,406058000,387320000,1.0483786016730352
3,c03_b03,3,"type_fix,hybrid,dual_token",dual_token/type_fix,385004000,402949000,0.9554658281817302
3,c03_b04,4,"type_fix,dual_token,hybrid",dual_token/type_fix,386920000,402502000,0.9612871488837322
3,c03_b05,5,"hybrid,type_fix,dual_token",dual_token/type_fix,385437000,385105000,1.000862102543462
3,c03_b06,6,"type_fix,dual_token,hybrid",dual_token/type_fix,383331000,402007000,0.9535430975082524
3,c03_b07,7,"type_fix,hybrid,dual_token",dual_token/type_fix,387933000,401430000,0.9663776997234885
3,c03_b08,8,"dual_token,type_fix,hybrid",dual_token/type_fix,406971000,384960000,1.0571773690773068
3,c03_b09,9,"hybrid,type_fix,dual_token",dual_token/type_fix,388760000,385495000,1.0084696299562899
3,c03_b10,10,"dual_token,hybrid,type_fix",dual_token/type_fix,403773000,386015000,1.0460033936505058
3,c03_b11,11,"hybrid,dual_token,type_fix",dual_token/type_fix,385914000,385324000,1.0015311789558916
3,c03_b00,0,"hybrid,dual_token,type_fix",dual_token/hybrid,384774000,403760000,0.9529770160491381
3,c03_b01,1,"dual_token,type_fix,hybrid",dual_token/hybrid,402684000,387127000,1.0401857788271032
3,c03_b02,2,"dual_token,hybrid,type_fix",dual_token/hybrid,406058000,384702000,1.055513098450229
3,c03_b03,3,"type_fix,hybrid,dual_token",dual_token/hybrid,385004000,384267000,1.001917937267577
3,c03_b04,4,"type_fix,dual_token,hybrid",dual_token/hybrid,386920000,388488000,0.9959638392949074
3,c03_b05,5,"hybrid,type_fix,dual_token",dual_token/hybrid,385437000,406347000,0.9485415174715206
3,c03_b06,6,"type_fix,dual_token,hybrid",dual_token/hybrid,383331000,395004000,0.9704484005225263
3,c03_b07,7,"type_fix,hybrid,dual_token",dual_token/hybrid,387933000,383124000,1.012552071914054
3,c03_b08,8,"dual_token,type_fix,hybrid",dual_token/hybrid,406971000,387764000,1.049532705460022
3,c03_b09,9,"hybrid,type_fix,dual_token",dual_token/hybrid,388760000,403576000,0.9632882034610581
3,c03_b10,10,"dual_token,hybrid,type_fix",dual_token/hybrid,403773000,384337000,1.0505702027127235
3,c03_b11,11,"hybrid,dual_token,type_fix",dual_token/hybrid,385914000,406422000,0.9495401331620827
4,c04_b00,0,"hybrid,type_fix,dual_token",hybrid/type_fix,246107000,231836000,1.0615564450732415
4,c04_b01,1,"type_fix,dual_token,hybrid",hybrid/type_fix,229212000,246845000,0.9285665093479714
4,c04_b02,2,"hybrid,dual_token,type_fix",hybrid/type_fix,246440000,229135000,1.0755231632007332
4,c04_b03,3,"dual_token,hybrid,type_fix",hybrid/type_fix,231239000,230798000,1.0019107617916967
4,c04_b04,4,"dual_token,type_fix,hybrid",hybrid/type_fix,228728000,231370000,0.9885810606388037
4,c04_b05,5,"type_fix,hybrid,dual_token",hybrid/type_fix,232383000,246256000,0.9436643168085245
4,c04_b06,6,"type_fix,dual_token,hybrid",hybrid/type_fix,228683000,247719000,0.9231548649881519
4,c04_b07,7,"dual_token,type_fix,hybrid",hybrid/type_fix,228826000,232473000,0.9843121566805607
4,c04_b08,8,"hybrid,type_fix,dual_token",hybrid/type_fix,247062000,231183000,1.0686858462776243
4,c04_b09,9,"type_fix,hybrid,dual_token",hybrid/type_fix,231474000,245649000,0.9422957146171977
4,c04_b10,10,"dual_token,hybrid,type_fix",hybrid/type_fix,232522000,228702000,1.016702958434994
4,c04_b11,11,"hybrid,dual_token,type_fix",hybrid/type_fix,235076000,229957000,1.0222606835190926
4,c04_b00,0,"hybrid,type_fix,dual_token",dual_token/type_fix,228718000,231836000,0.9865508376611053
4,c04_b01,1,"type_fix,dual_token,hybrid",dual_token/type_fix,232842000,246845000,0.9432720938240596
4,c04_b02,2,"hybrid,dual_token,type_fix",dual_token/type_fix,232609000,229135000,1.015161367752635
4,c04_b03,3,"dual_token,hybrid,type_fix",dual_token/type_fix,246402000,230798000,1.0676089047565402
4,c04_b04,4,"dual_token,type_fix,hybrid",dual_token/type_fix,247186000,231370000,1.0683580412326577
4,c04_b05,5,"type_fix,hybrid,dual_token",dual_token/type_fix,230830000,246256000,0.9373578714833344
4,c04_b06,6,"type_fix,dual_token,hybrid",dual_token/type_fix,230988000,247719000,0.932459762876485
4,c04_b07,7,"dual_token,type_fix,hybrid",dual_token/type_fix,247657000,232473000,1.0653151118624529
4,c04_b08,8,"hybrid,type_fix,dual_token",dual_token/type_fix,230020000,231183000,0.9949693532828972
4,c04_b09,9,"type_fix,hybrid,dual_token",dual_token/type_fix,231176000,245649000,0.9410826015982153
4,c04_b10,10,"dual_token,hybrid,type_fix",dual_token/type_fix,244885000,228702000,1.0707602032339025
4,c04_b11,11,"hybrid,dual_token,type_fix",dual_token/type_fix,231474000,229957000,1.0065968855046814
4,c04_b00,0,"hybrid,type_fix,dual_token",dual_token/hybrid,228718000,246107000,0.9293437407306578
4,c04_b01,1,"type_fix,dual_token,hybrid",dual_token/hybrid,232842000,229212000,1.0158368671797289
4,c04_b02,2,"hybrid,dual_token,type_fix",dual_token/hybrid,232609000,246440000,0.9438768057133582
4,c04_b03,3,"dual_token,hybrid,type_fix",dual_token/hybrid,246402000,231239000,1.065572848870649
4,c04_b04,4,"dual_token,type_fix,hybrid",dual_token/hybrid,247186000,228728000,1.0806984715469903
4,c04_b05,5,"type_fix,hybrid,dual_token",dual_token/hybrid,230830000,232383000,0.9933170670832204
4,c04_b06,6,"type_fix,dual_token,hybrid",dual_token/hybrid,230988000,228683000,1.0100794549660448
4,c04_b07,7,"dual_token,type_fix,hybrid",dual_token/hybrid,247657000,228826000,1.0822939700908114
4,c04_b08,8,"hybrid,type_fix,dual_token",dual_token/hybrid,230020000,247062000,0.9310213630586655
4,c04_b09,9,"type_fix,hybrid,dual_token",dual_token/hybrid,231176000,231474000,0.99871259839118
4,c04_b10,10,"dual_token,hybrid,type_fix",dual_token/hybrid,244885000,232522000,1.0531691624878505
4,c04_b11,11,"hybrid,dual_token,type_fix",dual_token/hybrid,231474000,235076000,0.9846772958532559
5,c05_b00,0,"hybrid,dual_token,type_fix",hybrid/type_fix,237861000,221940000,1.071735604217356
5,c05_b01,1,"dual_token,type_fix,hybrid",hybrid/type_fix,222001000,224108000,0.9905982829707105
5,c05_b02,2,"type_fix,hybrid,dual_token",hybrid/type_fix,222083000,237705000,0.9342798847310743
5,c05_b03,3,"type_fix,dual_token,hybrid",hybrid/type_fix,221728000,237241000,0.9346107966160992
5,c05_b04,4,"dual_token,hybrid,type_fix",hybrid/type_fix,220147000,220861000,0.9967671974680908
5,c05_b05,5,"hybrid,type_fix,dual_token",hybrid/type_fix,241009000,220701000,1.0920158948079075
5,c05_b06,6,"hybrid,dual_token,type_fix",hybrid/type_fix,240265000,221253000,1.085928778366847
5,c05_b07,7,"hybrid,type_fix,dual_token",hybrid/type_fix,238328000,222482000,1.0712237394485846
5,c05_b08,8,"type_fix,dual_token,hybrid",hybrid/type_fix,222082000,238874000,0.9297035257081139
5,c05_b09,9,"dual_token,type_fix,hybrid",hybrid/type_fix,222009000,224557000,0.9886532149966378
5,c05_b10,10,"type_fix,hybrid,dual_token",hybrid/type_fix,220430000,237519000,0.9280520716237438
5,c05_b11,11,"dual_token,hybrid,type_fix",hybrid/type_fix,221783000,221883000,0.9995493120248059
5,c05_b00,0,"hybrid,dual_token,type_fix",dual_token/type_fix,220594000,221940000,0.9939352978282419
5,c05_b01,1,"dual_token,type_fix,hybrid",dual_token/type_fix,237767000,224108000,1.060948292787406
5,c05_b02,2,"type_fix,hybrid,dual_token",dual_token/type_fix,222161000,237705000,0.9346080225489577
5,c05_b03,3,"type_fix,dual_token,hybrid",dual_token/type_fix,224381000,237241000,0.9457935179838224
5,c05_b04,4,"dual_token,hybrid,type_fix",dual_token/type_fix,232355000,220861000,1.0520417819352443
5,c05_b05,5,"hybrid,type_fix,dual_token",dual_token/type_fix,222116000,220701000,1.0064113891645257
5,c05_b06,6,"hybrid,dual_token,type_fix",dual_token/type_fix,223501000,221253000,1.0101603142104287
5,c05_b07,7,"hybrid,type_fix,dual_token",dual_token/type_fix,222751000,222482000,1.0012090865777905
5,c05_b08,8,"type_fix,dual_token,hybrid",dual_token/type_fix,221813000,238874000,0.9285774090106081
5,c05_b09,9,"dual_token,type_fix,hybrid",dual_token/type_fix,240974000,224557000,1.073108386734771
5,c05_b10,10,"type_fix,hybrid,dual_token",dual_token/type_fix,222034000,237519000,0.9348052155827534
5,c05_b11,11,"dual_token,hybrid,type_fix",dual_token/type_fix,236144000,221883000,1.0642726121424355
5,c05_b00,0,"hybrid,dual_token,type_fix",dual_token/hybrid,220594000,237861000,0.9274071831868191
5,c05_b01,1,"dual_token,type_fix,hybrid",dual_token/hybrid,237767000,222001000,1.071017698118477
5,c05_b02,2,"type_fix,hybrid,dual_token",dual_token/hybrid,222161000,222083000,1.0003512200393547
5,c05_b03,3,"type_fix,dual_token,hybrid",dual_token/hybrid,224381000,221728000,1.0119651104055418
5,c05_b04,4,"dual_token,hybrid,type_fix",dual_token/hybrid,232355000,220147000,1.0554538558326936
5,c05_b05,5,"hybrid,type_fix,dual_token",dual_token/hybrid,222116000,241009000,0.9216087366031974
5,c05_b06,6,"hybrid,dual_token,type_fix",dual_token/hybrid,223501000,240265000,0.9302270409755895
5,c05_b07,7,"hybrid,type_fix,dual_token",dual_token/hybrid,222751000,238328000,0.9346404954516465
5,c05_b08,8,"type_fix,dual_token,hybrid",dual_token/hybrid,221813000,222082000,0.9987887356922218
5,c05_b09,9,"dual_token,type_fix,hybrid",dual_token/hybrid,240974000,222009000,1.0854244647739506
5,c05_b10,10,"type_fix,hybrid,dual_token",dual_token/hybrid,222034000,220430000,1.0072766864764324
5,c05_b11,11,"dual_token,hybrid,type_fix",dual_token/hybrid,236144000,221783000,1.0647524832832094
6,c06_b00,0,"hybrid,dual_token,type_fix",hybrid/type_fix,497897000,478983000,1.0394878315096778
6,c06_b01,1,"type_fix,hybrid,dual_token",hybrid/type_fix,480328000,497159000,0.9661456395237741
6,c06_b02,2,"type_fix,dual_token,hybrid",hybrid/type_fix,481830000,498244000,0.9670563017316817
6,c06_b03,3,"dual_token,type_fix,hybrid",hybrid/type_fix,482211000,478799000,1.0071261635884787
6,c06_b04,4,"dual_token,hybrid,type_fix",hybrid/type_fix,479930000,478882000,1.0021884305528292
6,c06_b05,5,"hybrid,type_fix,dual_token",hybrid/type_fix,498535000,479051000,1.0406720787557067
6,c06_b06,6,"dual_token,hybrid,type_fix",hybrid/type_fix,478622000,479925000,0.9972849924467365
6,c06_b07,7,"hybrid,type_fix,dual_token",hybrid/type_fix,496766000,478208000,1.0388073808886509
6,c06_b08,8,"hybrid,dual_token,type_fix",hybrid/type_fix,498667000,480157000,1.038549890973161
6,c06_b09,9,"dual_token,type_fix,hybrid",hybrid/type_fix,481570000,483416000,0.9961813427772354
6,c06_b10,10,"type_fix,dual_token,hybrid",hybrid/type_fix,481992000,497338000,0.9691437211715171
6,c06_b11,11,"type_fix,hybrid,dual_token",hybrid/type_fix,480815000,497517000,0.9664292878434305
6,c06_b00,0,"hybrid,dual_token,type_fix",dual_token/type_fix,480838000,478983000,1.003872788804613
6,c06_b01,1,"type_fix,hybrid,dual_token",dual_token/type_fix,482538000,497159000,0.9705908974794784
6,c06_b02,2,"type_fix,dual_token,hybrid",dual_token/type_fix,480498000,498244000,0.9643829127897174
6,c06_b03,3,"dual_token,type_fix,hybrid",dual_token/type_fix,500780000,478799000,1.0459086171859173
6,c06_b04,4,"dual_token,hybrid,type_fix",dual_token/type_fix,498690000,478882000,1.0413630080061476
6,c06_b05,5,"hybrid,type_fix,dual_token",dual_token/type_fix,481661000,479051000,1.0054482716871482
6,c06_b06,6,"dual_token,hybrid,type_fix",dual_token/type_fix,501636000,479925000,1.0452383184872636
6,c06_b07,7,"hybrid,type_fix,dual_token",dual_token/type_fix,483787000,478208000,1.011666471493576
6,c06_b08,8,"hybrid,dual_token,type_fix",dual_token/type_fix,491978000,480157000,1.0246190308586567
6,c06_b09,9,"dual_token,type_fix,hybrid",dual_token/type_fix,501313000,483416000,1.0370219438330548
6,c06_b10,10,"type_fix,dual_token,hybrid",dual_token/type_fix,481210000,497338000,0.9675713498666902
6,c06_b11,11,"type_fix,hybrid,dual_token",dual_token/type_fix,482158000,497517000,0.9691286930898844
6,c06_b00,0,"hybrid,dual_token,type_fix",dual_token/hybrid,480838000,497897000,0.9657378935803992
6,c06_b01,1,"type_fix,hybrid,dual_token",dual_token/hybrid,482538000,480328000,1.004601022634533
6,c06_b02,2,"type_fix,dual_token,hybrid",dual_token/hybrid,480498000,481830000,0.9972355395056348
6,c06_b03,3,"dual_token,type_fix,hybrid",dual_token/hybrid,500780000,482211000,1.0385080390119679
6,c06_b04,4,"dual_token,hybrid,type_fix",dual_token/hybrid,498690000,479930000,1.0390890338174317
6,c06_b05,5,"hybrid,type_fix,dual_token",dual_token/hybrid,481661000,498535000,0.9661528277854112
6,c06_b06,6,"dual_token,hybrid,type_fix",dual_token/hybrid,501636000,478622000,1.0480838741219585
6,c06_b07,7,"hybrid,type_fix,dual_token",dual_token/hybrid,483787000,496766000,0.9738730106327728
6,c06_b08,8,"hybrid,dual_token,type_fix",dual_token/hybrid,491978000,498667000,0.986586238912942
6,c06_b09,9,"dual_token,type_fix,hybrid",dual_token/hybrid,501313000,481570000,1.0409971551384014
6,c06_b10,10,"type_fix,dual_token,hybrid",dual_token/hybrid,481210000,481992000,0.9983775664326379
6,c06_b11,11,"type_fix,hybrid,dual_token",dual_token/hybrid,482158000,480815000,1.0027931740898266
7,c07_b00,0,"hybrid,type_fix,dual_token",hybrid/type_fix,442313000,419732000,1.053798614353921
7,c07_b01,1,"dual_token,type_fix,hybrid",hybrid/type_fix,424258000,421840000,1.0057320311018396
7,c07_b02,2,"type_fix,dual_token,hybrid",hybrid/type_fix,433297000,438034000,0.9891857709675504
7,c07_b03,3,"dual_token,hybrid,type_fix",hybrid/type_fix,420973000,423071000,0.9950410214833917
7,c07_b04,4,"type_fix,hybrid,dual_token",hybrid/type_fix,421516000,440839000,0.9561676711906161
7,c07_b05,5,"hybrid,dual_token,type_fix",hybrid/type_fix,440745000,423197000,1.041465322296708
7,c07_b06,6,"type_fix,hybrid,dual_token",hybrid/type_fix,422137000,439418000,0.9606729810795188
7,c07_b07,7,"dual_token,hybrid,type_fix",hybrid/type_fix,423092000,421628000,1.0034722551633193
7,c07_b08,8,"hybrid,type_fix,dual_token",hybrid/type_fix,442218000,420275000,1.0522110522871928
7,c07_b09,9,"dual_token,type_fix,hybrid",hybrid/type_fix,425035000,420186000,1.0115401274673597
7,c07_b10,10,"type_fix,dual_token,hybrid",hybrid/type_fix,425475000,439951000,0.967096335728297
7,c07_b11,11,"hybrid,dual_token,type_fix",hybrid/type_fix,441535000,421863000,1.0466312523259922
7,c07_b00,0,"hybrid,type_fix,dual_token",dual_token/type_fix,424053000,419732000,1.0102946642143082
7,c07_b01,1,"dual_token,type_fix,hybrid",dual_token/type_fix,440264000,421840000,1.0436753271382515
7,c07_b02,2,"type_fix,dual_token,hybrid",dual_token/type_fix,422593000,438034000,0.9647493116972655
7,c07_b03,3,"dual_token,hybrid,type_fix",dual_token/type_fix,442460000,423071000,1.0458291870631644
7,c07_b04,4,"type_fix,hybrid,dual_token",dual_token/type_fix,423533000,440839000,0.9607430377076438
7,c07_b05,5,"hybrid,dual_token,type_fix",dual_token/type_fix,423266000,423197000,1.0001630446340593
7,c07_b06,6,"type_fix,hybrid,dual_token",dual_token/type_fix,425623000,439418000,0.9686062018397061
7,c07_b07,7,"dual_token,hybrid,type_fix",dual_token/type_fix,440846000,421628000,1.0455804642955402
7,c07_b08,8,"hybrid,type_fix,dual_token",dual_token/type_fix,426313000,420275000,1.0143667836535601
7,c07_b09,9,"dual_token,type_fix,hybrid",dual_token/type_fix,441543000,420186000,1.0508274906826978
7,c07_b10,10,"type_fix,dual_token,hybrid",dual_token/type_fix,423180000,439951000,0.9618798457100904
7,c07_b11,11,"hybrid,dual_token,type_fix",dual_token/type_fix,422617000,421863000,1.0017873100983021
7,c07_b00,0,"hybrid,type_fix,dual_token",dual_token/hybrid,424053000,442313000,0.9587170171349249
7,c07_b01,1,"dual_token,type_fix,hybrid",dual_token/hybrid,440264000,424258000,1.0377270434499761
7,c07_b02,2,"type_fix,dual_token,hybrid",dual_token/hybrid,422593000,433297000,0.9752963902357967
7,c07_b03,3,"dual_token,hybrid,type_fix",dual_token/hybrid,442460000,420973000,1.0510412781817362
7,c07_b04,4,"type_fix,hybrid,dual_token",dual_token/hybrid,423533000,421516000,1.0047851089875592
7,c07_b05,5,"hybrid,dual_token,type_fix",dual_token/hybrid,423266000,440745000,0.9603421479540324
7,c07_b06,6,"type_fix,hybrid,dual_token",dual_token/hybrid,425623000,422137000,1.0082579825980664
7,c07_b07,7,"dual_token,hybrid,type_fix",dual_token/hybrid,440846000,423092000,1.0419625046089267
7,c07_b08,8,"hybrid,type_fix,dual_token",dual_token/hybrid,426313000,442218000,0.9640335761999738
7,c07_b09,9,"dual_token,type_fix,hybrid",dual_token/hybrid,441543000,425035000,1.038839154422577
7,c07_b10,10,"type_fix,dual_token,hybrid",dual_token/hybrid,423180000,425475000,0.9946060285563194
7,c07_b11,11,"hybrid,dual_token,type_fix",dual_token/hybrid,422617000,441535000,0.9571540195001529
8,c08_b00,0,"dual_token,hybrid,type_fix",hybrid/type_fix,419929000,420886000,0.9977262251536045
8,c08_b01,1,"dual_token,type_fix,hybrid",hybrid/type_fix,422849000,418488000,1.0104208483875283
8,c08_b02,2,"type_fix,hybrid,dual_token",hybrid/type_fix,420941000,437092000,0.963048969095751
8,c08_b03,3,"hybrid,dual_token,type_fix",hybrid/type_fix,440458000,420831000,1.0466386744322542
8,c08_b04,4,"type_fix,dual_token,hybrid",hybrid/type_fix,423387000,437441000,0.9678722387704857
8,c08_b05,5,"hybrid,type_fix,dual_token",hybrid/type_fix,439525000,418497000,1.050246477274628
8,c08_b06,6,"dual_token,type_fix,hybrid",hybrid/type_fix,423674000,419062000,1.0110055314010815
8,c08_b07,7,"type_fix,hybrid,dual_token",hybrid/type_fix,421574000,438108000,0.9622604471956686
8,c08_b08,8,"hybrid,dual_token,type_fix",hybrid/type_fix,438423000,421820000,1.0393603906879711
8,c08_b09,9,"type_fix,dual_token,hybrid",hybrid/type_fix,423310000,437177000,0.9682805820068302
8,c08_b10,10,"hybrid,type_fix,dual_token",hybrid/type_fix,439667000,418143000,1.0514752130252092
8,c08_b11,11,"dual_token,hybrid,type_fix",hybrid/type_fix,421515000,421860000,0.9991821931446452
8,c08_b00,0,"dual_token,hybrid,type_fix",dual_token/type_fix,440025000,420886000,1.045473120987631
8,c08_b01,1,"dual_token,type_fix,hybrid",dual_token/type_fix,439477000,418488000,1.0501543652386687
8,c08_b02,2,"type_fix,hybrid,dual_token",dual_token/type_fix,423807000,437092000,0.9696059410833417
8,c08_b03,3,"hybrid,dual_token,type_fix",dual_token/type_fix,422908000,420831000,1.0049354729095528
8,c08_b04,4,"type_fix,dual_token,hybrid",dual_token/type_fix,420768000,437441000,0.9618851456539282
8,c08_b05,5,"hybrid,type_fix,dual_token",dual_token/type_fix,424255000,418497000,1.0137587605168017
8,c08_b06,6,"dual_token,type_fix,hybrid",dual_token/type_fix,441349000,419062000,1.0531830612176718
8,c08_b07,7,"type_fix,hybrid,dual_token",dual_token/type_fix,422731000,438108000,0.9649013485259342
8,c08_b08,8,"hybrid,dual_token,type_fix",dual_token/type_fix,421571000,421820000,0.999409700820255
8,c08_b09,9,"type_fix,dual_token,hybrid",dual_token/type_fix,422376000,437177000,0.966144147564945
8,c08_b10,10,"hybrid,type_fix,dual_token",dual_token/type_fix,424869000,418143000,1.0160854061887918
8,c08_b11,11,"dual_token,hybrid,type_fix",dual_token/type_fix,441610000,421860000,1.046816479400749
8,c08_b00,0,"dual_token,hybrid,type_fix",dual_token/hybrid,440025000,419929000,1.0478557089412734
8,c08_b01,1,"dual_token,type_fix,hybrid",dual_token/hybrid,439477000,422849000,1.0393237302204805
8,c08_b02,2,"type_fix,hybrid,dual_token",dual_token/hybrid,423807000,420941000,1.0068085551181758
8,c08_b03,3,"hybrid,dual_token,type_fix",dual_token/hybrid,422908000,440458000,0.9601551112705411
8,c08_b04,4,"type_fix,dual_token,hybrid",dual_token/hybrid,420768000,423387000,0.9938141700146674
8,c08_b05,5,"hybrid,type_fix,dual_token",dual_token/hybrid,424255000,439525000,0.9652579489221318
8,c08_b06,6,"dual_token,type_fix,hybrid",dual_token/hybrid,441349000,423674000,1.041718396691796
8,c08_b07,7,"type_fix,hybrid,dual_token",dual_token/hybrid,422731000,421574000,1.002744476651786
8,c08_b08,8,"hybrid,dual_token,type_fix",dual_token/hybrid,421571000,438423000,0.9615622355578973
8,c08_b09,9,"type_fix,dual_token,hybrid",dual_token/hybrid,422376000,423310000,0.9977935791736552
8,c08_b10,10,"hybrid,type_fix,dual_token",dual_token/hybrid,424869000,439667000,0.9663427093686813
8,c08_b11,11,"dual_token,hybrid,type_fix",dual_token/hybrid,441610000,421515000,1.0476732737862235
9,c09_b00,0,"type_fix,dual_token,hybrid",hybrid/type_fix,1880451000,1886786000,0.9966424385171397
9,c09_b01,1,"hybrid,dual_token,type_fix",hybrid/type_fix,1895183000,1871760000,1.012513890669744
9,c09_b02,2,"hybrid,type_fix,dual_token",hybrid/type_fix,1896699000,1871452000,1.0134905944688937
9,c09_b03,3,"dual_token,hybrid,type_fix",hybrid/type_fix,1874981000,1875521000,0.9997120800033698
9,c09_b04,4,"dual_token,type_fix,hybrid",hybrid/type_fix,1875689000,1880686000,0.9973429908022924
9,c09_b05,5,"type_fix,hybrid,dual_token",hybrid/type_fix,1880172000,1889761000,0.9949258133700505
9,c09_b06,6,"hybrid,type_fix,dual_token",hybrid/type_fix,1892840000,1869038000,1.012734893565567
9,c09_b07,7,"dual_token,type_fix,hybrid",hybrid/type_fix,1876937000,1872308000,1.0024723496347823
9,c09_b08,8,"type_fix,dual_token,hybrid",hybrid/type_fix,1881014000,1891045000,0.9946955254898746
9,c09_b09,9,"hybrid,dual_token,type_fix",hybrid/type_fix,1891707000,1870682000,1.0112392164996509
9,c09_b10,10,"type_fix,hybrid,dual_token",hybrid/type_fix,1876634000,1889488000,0.9931970988966323
9,c09_b11,11,"dual_token,hybrid,type_fix",hybrid/type_fix,1880952000,1874141000,1.0036341982807058
9,c09_b00,0,"type_fix,dual_token,hybrid",dual_token/type_fix,1881594000,1886786000,0.9972482305889486
9,c09_b01,1,"hybrid,dual_token,type_fix",dual_token/type_fix,1882385000,1871760000,1.005676475616532
9,c09_b02,2,"hybrid,type_fix,dual_token",dual_token/type_fix,1881448000,1871452000,1.0053413071775286
9,c09_b03,3,"dual_token,hybrid,type_fix",dual_token/type_fix,1896476000,1875521000,1.0111728954247914
9,c09_b04,4,"dual_token,type_fix,hybrid",dual_token/type_fix,1899060000,1880686000,1.009769839303318
9,c09_b05,5,"type_fix,hybrid,dual_token",dual_token/type_fix,1885385000,1889761000,0.9976843632607509
9,c09_b06,6,"hybrid,type_fix,dual_token",dual_token/type_fix,1878352000,1869038000,1.0049833122708045
9,c09_b07,7,"dual_token,type_fix,hybrid",dual_token/type_fix,1893791000,1872308000,1.0114740737100947
9,c09_b08,8,"type_fix,dual_token,hybrid",dual_token/type_fix,1886970000,1891045000,0.9978451068060252
9,c09_b09,9,"hybrid,dual_token,type_fix",dual_token/type_fix,1882377000,1870682000,1.0062517306522434
9,c09_b10,10,"type_fix,hybrid,dual_token",dual_token/type_fix,1884428000,1889488000,0.997322025860974
9,c09_b11,11,"dual_token,hybrid,type_fix",dual_token/type_fix,1901189000,1874141000,1.0144322118773348
9,c09_b00,0,"type_fix,dual_token,hybrid",dual_token/hybrid,1881594000,1880451000,1.0006078329081693
9,c09_b01,1,"hybrid,dual_token,type_fix",dual_token/hybrid,1882385000,1895183000,0.9932470901226953
9,c09_b02,2,"hybrid,type_fix,dual_token",dual_token/hybrid,1881448000,1896699000,0.9919591880419614
9,c09_b03,3,"dual_token,hybrid,type_fix",dual_token/hybrid,1896476000,1874981000,1.0114641161697104
9,c09_b04,4,"dual_token,type_fix,hybrid",dual_token/hybrid,1899060000,1875689000,1.0124599547153073
9,c09_b05,5,"type_fix,hybrid,dual_token",dual_token/hybrid,1885385000,1880172000,1.0027726186753128
9,c09_b06,6,"hybrid,type_fix,dual_token",dual_token/hybrid,1878352000,1892840000,0.992345892943936
9,c09_b07,7,"dual_token,type_fix,hybrid",dual_token/hybrid,1893791000,1876937000,1.0089795235535344
9,c09_b08,8,"type_fix,dual_token,hybrid",dual_token/hybrid,1886970000,1881014000,1.0031663772837416
9,c09_b09,9,"hybrid,dual_token,type_fix",dual_token/hybrid,1882377000,1891707000,0.9950679465688925
9,c09_b10,10,"type_fix,hybrid,dual_token",dual_token/hybrid,1884428000,1876634000,1.0041531806415103
9,c09_b11,11,"dual_token,hybrid,type_fix",dual_token/hybrid,1901189000,1880952000,1.0107589135714254
10,c10_b00,0,"dual_token,type_fix,hybrid",hybrid/type_fix,1636316000,1637132000,0.9995015673751414
10,c10_b01,1,"type_fix,dual_token,hybrid",hybrid/type_fix,1640533000,1653338000,0.9922550621832922
10,c10_b02,2,"hybrid,dual_token,type_fix",hybrid/type_fix,1661478000,1635740000,1.015734774475161
10,c10_b03,3,"hybrid,type_fix,dual_token",hybrid/type_fix,1657682000,1633791000,1.0146230454201302
10,c10_b04,4,"dual_token,hybrid,type_fix",hybrid/type_fix,1639396000,1636444000,1.0018039114079065
10,c10_b05,5,"type_fix,hybrid,dual_token",hybrid/type_fix,1640176000,1656791000,0.9899715775858271
10,c10_b06,6,"dual_token,hybrid,type_fix",hybrid/type_fix,1643457000,1654577000,0.993279249016516
10,c10_b07,7,"hybrid,type_fix,dual_token",hybrid/type_fix,1657136000,1639412000,1.0108111932814936
10,c10_b08,8,"dual_token,type_fix,hybrid",hybrid/type_fix,1641033000,1633391000,1.004678610326615
10,c10_b09,9,"hybrid,dual_token,type_fix",hybrid/type_fix,1659577000,1633971000,1.0156710247611493
10,c10_b10,10,"type_fix,dual_token,hybrid",hybrid/type_fix,1640542000,1651140000,0.9935814043630461
10,c10_b11,11,"type_fix,hybrid,dual_token",hybrid/type_fix,1642782000,1656503000,0.99171688792595
10,c10_b00,0,"dual_token,type_fix,hybrid",dual_token/type_fix,1665345000,1637132000,1.0172331858396269
10,c10_b01,1,"type_fix,dual_token,hybrid",dual_token/type_fix,1643167000,1653338000,0.9938482028478145
10,c10_b02,2,"hybrid,dual_token,type_fix",dual_token/type_fix,1650066000,1635740000,1.0087581155929426
10,c10_b03,3,"hybrid,type_fix,dual_token",dual_token/type_fix,1646472000,1633791000,1.0077617026902461
10,c10_b04,4,"dual_token,hybrid,type_fix",dual_token/type_fix,1664216000,1636444000,1.016970944315846
10,c10_b05,5,"type_fix,hybrid,dual_token",dual_token/type_fix,1650525000,1656791000,0.9962179900784106
10,c10_b06,6,"dual_token,hybrid,type_fix",dual_token/type_fix,1666331000,1654577000,1.0071039304909957
10,c10_b07,7,"hybrid,type_fix,dual_token",dual_token/type_fix,1648130000,1639412000,1.0053177602701457
10,c10_b08,8,"dual_token,type_fix,hybrid",dual_token/type_fix,1665832000,1633391000,1.0198611355150113
10,c10_b09,9,"hybrid,dual_token,type_fix",dual_token/type_fix,1645697000,1633971000,1.0071763819553714
10,c10_b10,10,"type_fix,dual_token,hybrid",dual_token/type_fix,1643118000,1651140000,0.9951415385733493
10,c10_b11,11,"type_fix,hybrid,dual_token",dual_token/type_fix,1648102000,1656503000,0.9949284728129076
10,c10_b00,0,"dual_token,type_fix,hybrid",dual_token/hybrid,1665345000,1636316000,1.0177404608889726
10,c10_b01,1,"type_fix,dual_token,hybrid",dual_token/hybrid,1643167000,1640533000,1.0016055757488573
10,c10_b02,2,"hybrid,dual_token,type_fix",dual_token/hybrid,1650066000,1661478000,0.9931314167265531
10,c10_b03,3,"hybrid,type_fix,dual_token",dual_token/hybrid,1646472000,1657682000,0.9932375449573562
10,c10_b04,4,"dual_token,hybrid,type_fix",dual_token/hybrid,1664216000,1639396000,1.0151397221903677
10,c10_b05,5,"type_fix,hybrid,dual_token",dual_token/hybrid,1650525000,1640176000,1.006309688716333
10,c10_b06,6,"dual_token,hybrid,type_fix",dual_token/hybrid,1666331000,1643457000,1.0139182223812366
10,c10_b07,7,"hybrid,type_fix,dual_token",dual_token/hybrid,1648130000,1657136000,0.9945653223392649
10,c10_b08,8,"dual_token,type_fix,hybrid",dual_token/hybrid,1665832000,1641033000,1.0151118228579195
10,c10_b09,9,"hybrid,dual_token,type_fix",dual_token/hybrid,1645697000,1659577000,0.9916364230162265
10,c10_b10,10,"type_fix,dual_token,hybrid",dual_token/hybrid,1643118000,1640542000,1.0015702127711452
10,c10_b11,11,"type_fix,hybrid,dual_token",dual_token/hybrid,1648102000,1642782000,1.0032384089915765
11,c11_b00,0,"type_fix,dual_token,hybrid",hybrid/type_fix,1634331000,1639742000,0.9967000906240128
11,c11_b01,1,"dual_token,hybrid,type_fix",hybrid/type_fix,1637439000,1628497000,1.0054909527005575
11,c11_b02,2,"hybrid,dual_token,type_fix",hybrid/type_fix,1651411000,1627821000,1.014491765372237
11,c11_b03,3,"dual_token,type_fix,hybrid",hybrid/type_fix,1640218000,1627390000,1.0078825604188302
11,c11_b04,4,"hybrid,type_fix,dual_token",hybrid/type_fix,1659345000,1628821000,1.0187399352046664
11,c11_b05,5,"type_fix,hybrid,dual_token",hybrid/type_fix,1635693000,1644487000,0.9946524356835901
11,c11_b06,6,"type_fix,dual_token,hybrid",hybrid/type_fix,1635485000,1644895000,0.9942792701053866
11,c11_b07,7,"type_fix,hybrid,dual_token",hybrid/type_fix,1635264000,1651375000,0.9902438876693664
11,c11_b08,8,"dual_token,type_fix,hybrid",hybrid/type_fix,1637654000,1629820000,1.0048066657667718
11,c11_b09,9,"hybrid,type_fix,dual_token",hybrid/type_fix,1660420000,1635731000,1.0150935575592808
11,c11_b10,10,"dual_token,hybrid,type_fix",hybrid/type_fix,1634909000,1629330000,1.0034241068414624
11,c11_b11,11,"hybrid,dual_token,type_fix",hybrid/type_fix,1654522000,1628620000,1.0159042625044516
11,c11_b00,0,"type_fix,dual_token,hybrid",dual_token/type_fix,1638554000,1639742000,0.999275495779214
11,c11_b01,1,"dual_token,hybrid,type_fix",dual_token/type_fix,1657289000,1628497000,1.0176801062574878
11,c11_b02,2,"hybrid,dual_token,type_fix",dual_token/type_fix,1637775000,1627821000,1.0061149229552881
11,c11_b03,3,"dual_token,type_fix,hybrid",dual_token/type_fix,1651992000,1627390000,1.0151174580155955
11,c11_b04,4,"hybrid,type_fix,dual_token",dual_token/type_fix,1636920000,1628821000,1.0049723081910167
11,c11_b05,5,"type_fix,hybrid,dual_token",dual_token/type_fix,1639811000,1644487000,0.9971565600701009
11,c11_b06,6,"type_fix,dual_token,hybrid",dual_token/type_fix,1638738000,1644895000,0.9962569039361175
11,c11_b07,7,"type_fix,hybrid,dual_token",dual_token/type_fix,1638448000,1651375000,0.9921719778972069
11,c11_b08,8,"dual_token,type_fix,hybrid",dual_token/type_fix,1657011000,1629820000,1.0166834374348088
11,c11_b09,9,"hybrid,type_fix,dual_token",dual_token/type_fix,1639995000,1635731000,1.0026067855900511
11,c11_b10,10,"dual_token,hybrid,type_fix",dual_token/type_fix,1654276000,1629330000,1.0153105877876183
11,c11_b11,11,"hybrid,dual_token,type_fix",dual_token/type_fix,1639333000,1628620000,1.006577961709914
11,c11_b00,0,"type_fix,dual_token,hybrid",dual_token/hybrid,1638554000,1634331000,1.0025839318962928
11,c11_b01,1,"dual_token,hybrid,type_fix",dual_token/hybrid,1657289000,1637439000,1.012122588994155
11,c11_b02,2,"hybrid,dual_token,type_fix",dual_token/hybrid,1637775000,1651411000,0.9917428187168428
11,c11_b03,3,"dual_token,type_fix,hybrid",dual_token/hybrid,1651992000,1640218000,1.0071783141021498
11,c11_b04,4,"hybrid,type_fix,dual_token",dual_token/hybrid,1636920000,1659345000,0.9864856313786464
11,c11_b05,5,"type_fix,hybrid,dual_token",dual_token/hybrid,1639811000,1635693000,1.0025175873467698
11,c11_b06,6,"type_fix,dual_token,hybrid",dual_token/hybrid,1638738000,1635485000,1.0019890124336206
11,c11_b07,7,"type_fix,hybrid,dual_token",dual_token/hybrid,1638448000,1635264000,1.0019470862197175
11,c11_b08,8,"dual_token,type_fix,hybrid",dual_token/hybrid,1657011000,1637654000,1.011819957084952
11,c11_b09,9,"hybrid,type_fix,dual_token",dual_token/hybrid,1639995000,1660420000,0.9876988954601847
11,c11_b10,10,"dual_token,hybrid,type_fix",dual_token/hybrid,1654276000,1634909000,1.0118459192529983
11,c11_b11,11,"hybrid,dual_token,type_fix",dual_token/hybrid,1639333000,1654522000,0.9908197050265878
12,c12_b00,0,"type_fix,dual_token,hybrid",hybrid/type_fix,538772000,554345000,0.9719073861945179
12,c12_b01,1,"type_fix,hybrid,dual_token",hybrid/type_fix,538411000,551591000,0.9761054839545968
12,c12_b02,2,"hybrid,dual_token,type_fix",hybrid/type_fix,556082000,536734000,1.0360476511642638
12,c12_b03,3,"dual_token,type_fix,hybrid",hybrid/type_fix,544356000,535671000,1.016213310035451
12,c12_b04,4,"dual_token,hybrid,type_fix",hybrid/type_fix,535880000,537860000,0.9963187446547429
12,c12_b05,5,"hybrid,type_fix,dual_token",hybrid/type_fix,554407000,535756000,1.0348124892675024
12,c12_b06,6,"dual_token,hybrid,type_fix",hybrid/type_fix,539855000,537124000,1.0050844870085864
12,c12_b07,7,"dual_token,type_fix,hybrid",hybrid/type_fix,538113000,533291000,1.0090419677061866
12,c12_b08,8,"hybrid,type_fix,dual_token",hybrid/type_fix,557200000,534226000,1.0430042716004089
12,c12_b09,9,"hybrid,dual_token,type_fix",hybrid/type_fix,554127000,537570000,1.0307997098052346
12,c12_b10,10,"type_fix,hybrid,dual_token",hybrid/type_fix,535121000,553638000,0.9665539576401909
12,c12_b11,11,"type_fix,dual_token,hybrid",hybrid/type_fix,538883000,553578000,0.9734545086690584
12,c12_b00,0,"type_fix,dual_token,hybrid",dual_token/type_fix,536271000,554345000,0.9673957553509096
12,c12_b01,1,"type_fix,hybrid,dual_token",dual_token/type_fix,537835000,551591000,0.9750612319635382
12,c12_b02,2,"hybrid,dual_token,type_fix",dual_token/type_fix,537136000,536734000,1.0007489743522862
12,c12_b03,3,"dual_token,type_fix,hybrid",dual_token/type_fix,553592000,535671000,1.0334552365164438
12,c12_b04,4,"dual_token,hybrid,type_fix",dual_token/type_fix,552365000,537860000,1.0269679842338155
12,c12_b05,5,"hybrid,type_fix,dual_token",dual_token/type_fix,538657000,535756000,1.0054147783692577
12,c12_b06,6,"dual_token,hybrid,type_fix",dual_token/type_fix,547438000,537124000,1.0192022698669208
12,c12_b07,7,"dual_token,type_fix,hybrid",dual_token/type_fix,553218000,533291000,1.0373660909334679
12,c12_b08,8,"hybrid,type_fix,dual_token",dual_token/type_fix,544874000,534226000,1.0199316394185232
12,c12_b09,9,"hybrid,dual_token,type_fix",dual_token/type_fix,537067000,537570000,0.999064307904087
12,c12_b10,10,"type_fix,hybrid,dual_token",dual_token/type_fix,537771000,553638000,0.9713404787966144
12,c12_b11,11,"type_fix,dual_token,hybrid",dual_token/type_fix,537091000,553578000,0.9702173858065168
12,c12_b00,0,"type_fix,dual_token,hybrid",dual_token/hybrid,536271000,538772000,0.9953579621806627
12,c12_b01,1,"type_fix,hybrid,dual_token",dual_token/hybrid,537835000,538411000,0.998930185304535
12,c12_b02,2,"hybrid,dual_token,type_fix",dual_token/hybrid,537136000,556082000,0.9659294852198057
12,c12_b03,3,"dual_token,type_fix,hybrid",dual_token/hybrid,553592000,544356000,1.0169668378781533
12,c12_b04,4,"dual_token,hybrid,type_fix",dual_token/hybrid,552365000,535880000,1.03076248413824
12,c12_b05,5,"hybrid,type_fix,dual_token",dual_token/hybrid,538657000,554407000,0.9715912677870229
12,c12_b06,6,"dual_token,hybrid,type_fix",dual_token/hybrid,547438000,539855000,1.0140463643015254
12,c12_b07,7,"dual_token,type_fix,hybrid",dual_token/hybrid,553218000,538113000,1.028070312369335
12,c12_b08,8,"hybrid,type_fix,dual_token",dual_token/hybrid,544874000,557200000,0.9778786791098348
12,c12_b09,9,"hybrid,dual_token,type_fix",dual_token/hybrid,537067000,554127000,0.9692128338810417
12,c12_b10,10,"type_fix,hybrid,dual_token",dual_token/hybrid,537771000,535121000,1.0049521510088373
12,c12_b11,11,"type_fix,dual_token,hybrid",dual_token/hybrid,537091000,538883000,0.9966746028358661
13,c13_b00,0,"type_fix,hybrid,dual_token",hybrid/type_fix,514509000,529560000,0.971578291411738
13,c13_b01,1,"dual_token,hybrid,type_fix",hybrid/type_fix,518085000,509597000,1.0166562989970507
13,c13_b02,2,"type_fix,dual_token,hybrid",hybrid/type_fix,513965000,529083000,0.9714260333444847
13,c13_b03,3,"hybrid,type_fix,dual_token",hybrid/type_fix,533413000,511909000,1.0420074661707452
13,c13_b04,4,"hybrid,dual_token,type_fix",hybrid/type_fix,530824000,509165000,1.0425382734477036
13,c13_b05,5,"dual_token,type_fix,hybrid",hybrid/type_fix,510075000,513459000,0.9934094056195334
13,c13_b06,6,"hybrid,type_fix,dual_token",hybrid/type_fix,533258000,512143000,1.041228719322533
13,c13_b07,7,"dual_token,type_fix,hybrid",hybrid/type_fix,515475000,512997000,1.0048304376048982
13,c13_b08,8,"dual_token,hybrid,type_fix",hybrid/type_fix,515706000,510632000,1.0099367058860393
13,c13_b09,9,"hybrid,dual_token,type_fix",hybrid/type_fix,533665000,509313000,1.0478134271067103
13,c13_b10,10,"type_fix,dual_token,hybrid",hybrid/type_fix,513806000,532259000,0.9653307882064934
13,c13_b11,11,"type_fix,hybrid,dual_token",hybrid/type_fix,513387000,529000000,0.9704858223062381
13,c13_b00,0,"type_fix,hybrid,dual_token",dual_token/type_fix,511237000,529560000,0.9653995770073268
13,c13_b01,1,"dual_token,hybrid,type_fix",dual_token/type_fix,531815000,509597000,1.0435991577658423
13,c13_b02,2,"type_fix,dual_token,hybrid",dual_token/type_fix,513825000,529083000,0.9711614245779963
13,c13_b03,3,"hybrid,type_fix,dual_token",dual_token/type_fix,511917000,511909000,1.0000156277775933
13,c13_b04,4,"hybrid,dual_token,type_fix",dual_token/type_fix,514247000,509165000,1.0099810474011373
13,c13_b05,5,"dual_token,type_fix,hybrid",dual_token/type_fix,532515000,513459000,1.0371129924687268
13,c13_b06,6,"hybrid,type_fix,dual_token",dual_token/type_fix,514998000,512143000,1.0055746149024785
13,c13_b07,7,"dual_token,type_fix,hybrid",dual_token/type_fix,531003000,512997000,1.0350996204656167
13,c13_b08,8,"dual_token,hybrid,type_fix",dual_token/type_fix,531653000,510632000,1.0411666327218037
13,c13_b09,9,"hybrid,dual_token,type_fix",dual_token/type_fix,514544000,509313000,1.0102706979794351
13,c13_b10,10,"type_fix,dual_token,hybrid",dual_token/type_fix,515174000,532259000,0.9679009655073939
13,c13_b11,11,"type_fix,hybrid,dual_token",dual_token/type_fix,512438000,529000000,0.9686918714555766
13,c13_b00,0,"type_fix,hybrid,dual_token",dual_token/hybrid,511237000,514509000,0.9936405388438297
13,c13_b01,1,"dual_token,hybrid,type_fix",dual_token/hybrid,531815000,518085000,1.026501442813438
13,c13_b02,2,"type_fix,dual_token,hybrid",dual_token/hybrid,513825000,513965000,0.9997276079110445
13,c13_b03,3,"hybrid,type_fix,dual_token",dual_token/hybrid,511917000,533413000,0.9597010196601883
13,c13_b04,4,"hybrid,dual_token,type_fix",dual_token/hybrid,514247000,530824000,0.968771193465254
13,c13_b05,5,"dual_token,type_fix,hybrid",dual_token/hybrid,532515000,510075000,1.043993530363182
13,c13_b06,6,"hybrid,type_fix,dual_token",dual_token/hybrid,514998000,533258000,0.9657576632699368
13,c13_b07,7,"dual_token,type_fix,hybrid",dual_token/hybrid,531003000,515475000,1.0301236723410447
13,c13_b08,8,"dual_token,hybrid,type_fix",dual_token/hybrid,531653000,515706000,1.0309226574831396
13,c13_b09,9,"hybrid,dual_token,type_fix",dual_token/hybrid,514544000,533665000,0.9641704065284401
13,c13_b10,10,"type_fix,dual_token,hybrid",dual_token/hybrid,515174000,513806000,1.0026624835054476
13,c13_b11,11,"type_fix,hybrid,dual_token",dual_token/hybrid,512438000,513387000,0.9981514919544126
14,c14_b00,0,"hybrid,type_fix,dual_token",hybrid/type_fix,534115000,512181000,1.0428247045478063
14,c14_b01,1,"dual_token,hybrid,type_fix",hybrid/type_fix,516492000,509468000,1.0137869306806315
14,c14_b02,2,"hybrid,dual_token,type_fix",hybrid/type_fix,532851000,511509000,1.0417236060362574
14,c14_b03,3,"type_fix,hybrid,dual_token",hybrid/type_fix,518131000,529567000,0.9784049988009071
14,c14_b04,4,"type_fix,dual_token,hybrid",hybrid/type_fix,519142000,529079000,0.9812183057728618
14,c14_b05,5,"dual_token,type_fix,hybrid",hybrid/type_fix,515369000,513547000,1.0035478739044332
14,c14_b06,6,"dual_token,type_fix,hybrid",hybrid/type_fix,519063000,514194000,1.0094691886719798
14,c14_b07,7,"type_fix,hybrid,dual_token",hybrid/type_fix,513039000,529796000,0.9683708446269885
14,c14_b08,8,"hybrid,type_fix,dual_token",hybrid/type_fix,532034000,513123000,1.03685471124857
14,c14_b09,9,"hybrid,dual_token,type_fix",hybrid/type_fix,533583000,510831000,1.0445391920224105
14,c14_b10,10,"dual_token,hybrid,type_fix",hybrid/type_fix,512013000,510469000,1.003024669470624
14,c14_b11,11,"type_fix,dual_token,hybrid",hybrid/type_fix,511725000,529613000,0.966224394038666
14,c14_b00,0,"hybrid,type_fix,dual_token",dual_token/type_fix,511439000,512181000,0.9985512933904225
14,c14_b01,1,"dual_token,hybrid,type_fix",dual_token/type_fix,531277000,509468000,1.0428073990908162
14,c14_b02,2,"hybrid,dual_token,type_fix",dual_token/type_fix,512754000,511509000,1.0024339747687725
14,c14_b03,3,"type_fix,hybrid,dual_token",dual_token/type_fix,512303000,529567000,0.9673997813307853
14,c14_b04,4,"type_fix,dual_token,hybrid",dual_token/type_fix,514550000,529079000,0.9725390726148647
14,c14_b05,5,"dual_token,type_fix,hybrid",dual_token/type_fix,530540000,513547000,1.0330894737969456
14,c14_b06,6,"dual_token,type_fix,hybrid",dual_token/type_fix,532268000,514194000,1.0351501573336135
14,c14_b07,7,"type_fix,hybrid,dual_token",dual_token/type_fix,512530000,529796000,0.9674100974714795
14,c14_b08,8,"hybrid,type_fix,dual_token",dual_token/type_fix,512597000,513123000,0.9989749046524907
14,c14_b09,9,"hybrid,dual_token,type_fix",dual_token/type_fix,515279000,510831000,1.0087073807188678
14,c14_b10,10,"dual_token,hybrid,type_fix",dual_token/type_fix,531131000,510469000,1.0404765029805925
14,c14_b11,11,"type_fix,dual_token,hybrid",dual_token/type_fix,515864000,529613000,0.9740395345280422
14,c14_b00,0,"hybrid,type_fix,dual_token",dual_token/hybrid,511439000,534115000,0.957544723514599
14,c14_b01,1,"dual_token,hybrid,type_fix",dual_token/hybrid,531277000,516492000,1.028625806401648
14,c14_b02,2,"hybrid,dual_token,type_fix",dual_token/hybrid,512754000,532851000,0.9622840156066143
14,c14_b03,3,"type_fix,hybrid,dual_token",dual_token/hybrid,512303000,518131000,0.988751879350975
14,c14_b04,4,"type_fix,dual_token,hybrid",dual_token/hybrid,514550000,519142000,0.9911546359184963
14,c14_b05,5,"dual_token,type_fix,hybrid",dual_token/hybrid,530540000,515369000,1.0294371605587453
14,c14_b06,6,"dual_token,type_fix,hybrid",dual_token/hybrid,532268000,519063000,1.025440071821725
14,c14_b07,7,"type_fix,hybrid,dual_token",dual_token/hybrid,512530000,513039000,0.9990078726958379
14,c14_b08,8,"hybrid,type_fix,dual_token",dual_token/hybrid,512597000,532034000,0.9634666205543255
14,c14_b09,9,"hybrid,dual_token,type_fix",dual_token/hybrid,515279000,533583000,0.9656960585325994
14,c14_b10,10,"dual_token,hybrid,type_fix",dual_token/hybrid,531131000,512013000,1.0373388956921015
14,c14_b11,11,"type_fix,dual_token,hybrid",dual_token/hybrid,515864000,511725000,1.0080883286921687
15,c15_b00,0,"type_fix,hybrid,dual_token",hybrid/type_fix,2118373000,2134836000,0.9922884006078219
15,c15_b01,1,"type_fix,dual_token,hybrid",hybrid/type_fix,2118507000,2136235000,0.9917012875456118
15,c15_b02,2,"hybrid,dual_token,type_fix",hybrid/type_fix,2144616000,2117916000,1.012606732278334
15,c15_b03,3,"dual_token,hybrid,type_fix",hybrid/type_fix,2128858000,2116968000,1.0056165232540124
15,c15_b04,4,"dual_token,type_fix,hybrid",hybrid/type_fix,2128346000,2117085000,1.005319106223888
15,c15_b05,5,"hybrid,type_fix,dual_token",hybrid/type_fix,2145876000,2118994000,1.0126862086442907
15,c15_b06,6,"hybrid,dual_token,type_fix",hybrid/type_fix,2138909000,2117656000,1.0100360965142592
15,c15_b07,7,"dual_token,hybrid,type_fix",hybrid/type_fix,2127849000,2119010000,1.004171287535217
15,c15_b08,8,"hybrid,type_fix,dual_token",hybrid/type_fix,2137342000,2114833000,1.0106433935918344
15,c15_b09,9,"dual_token,type_fix,hybrid",hybrid/type_fix,2123057000,2117935000,1.002418393387899
15,c15_b10,10,"type_fix,dual_token,hybrid",hybrid/type_fix,2126325000,2136046000,0.9954490680444148
15,c15_b11,11,"type_fix,hybrid,dual_token",hybrid/type_fix,2125311000,2136994000,0.9945329748235138
15,c15_b00,0,"type_fix,hybrid,dual_token",dual_token/type_fix,2122961000,2134836000,0.9944375118276064
15,c15_b01,1,"type_fix,dual_token,hybrid",dual_token/type_fix,2124503000,2136235000,0.9945080948491154
15,c15_b02,2,"hybrid,dual_token,type_fix",dual_token/type_fix,2124050000,2117916000,1.0028962432882136
15,c15_b03,3,"dual_token,hybrid,type_fix",dual_token/type_fix,2143338000,2116968000,1.012456494382532
15,c15_b04,4,"dual_token,type_fix,hybrid",dual_token/type_fix,2137749000,2117085000,1.009760590623428
15,c15_b05,5,"hybrid,type_fix,dual_token",dual_token/type_fix,2123695000,2118994000,1.0022185055738713
15,c15_b06,6,"hybrid,dual_token,type_fix",dual_token/type_fix,2128786000,2117656000,1.0052558111421308
15,c15_b07,7,"dual_token,hybrid,type_fix",dual_token/type_fix,2142005000,2119010000,1.0108517656830311
15,c15_b08,8,"hybrid,type_fix,dual_token",dual_token/type_fix,2124212000,2114833000,1.0044348655425748
15,c15_b09,9,"dual_token,type_fix,hybrid",dual_token/type_fix,2145839000,2117935000,1.0131750974416118
15,c15_b10,10,"type_fix,dual_token,hybrid",dual_token/type_fix,2125828000,2136046000,0.9952163951525389
15,c15_b11,11,"type_fix,hybrid,dual_token",dual_token/type_fix,2122975000,2136994000,0.9934398505564358
15,c15_b00,0,"type_fix,hybrid,dual_token",dual_token/hybrid,2122961000,2118373000,1.0021658131027915
15,c15_b01,1,"type_fix,dual_token,hybrid",dual_token/hybrid,2124503000,2118507000,1.0028302951087724
15,c15_b02,2,"hybrid,dual_token,type_fix",dual_token/hybrid,2124050000,2144616000,0.9904104044733416
15,c15_b03,3,"dual_token,hybrid,type_fix",dual_token/hybrid,2143338000,2128858000,1.0068017688356856
15,c15_b04,4,"dual_token,type_fix,hybrid",dual_token/hybrid,2137749000,2128346000,1.0044179846697858
15,c15_b05,5,"hybrid,type_fix,dual_token",dual_token/hybrid,2123695000,2145876000,0.9896634288281336
15,c15_b06,6,"hybrid,dual_token,type_fix",dual_token/hybrid,2128786000,2138909000,0.9952672133316565
15,c15_b07,7,"dual_token,hybrid,type_fix",dual_token/hybrid,2142005000,2127849000,1.0066527277076522
15,c15_b08,8,"hybrid,type_fix,dual_token",dual_token/hybrid,2124212000,2137342000,0.993856855851801
15,c15_b09,9,"dual_token,type_fix,hybrid",dual_token/hybrid,2145839000,2123057000,1.01073075287192
15,c15_b10,10,"type_fix,dual_token,hybrid",dual_token/hybrid,2125828000,2126325000,0.9997662633887106
15,c15_b11,11,"type_fix,hybrid,dual_token",dual_token/hybrid,2122975000,2125311000,0.9989008667437378
16,c16_b00,0,"type_fix,dual_token,hybrid",hybrid/type_fix,2024175000,2040093000,0.9921974145296317
16,c16_b01,1,"dual_token,hybrid,type_fix",hybrid/type_fix,2054640000,2023198000,1.015540742922838
16,c16_b02,2,"type_fix,hybrid,dual_token",hybrid/type_fix,2024552000,2040242000,0.9923097358058505
16,c16_b03,3,"dual_token,type_fix,hybrid",hybrid/type_fix,2034476000,2028501000,1.002945524798854
16,c16_b04,4,"hybrid,type_fix,dual_token",hybrid/type_fix,2040211000,2022966000,1.0085246118817617
16,c16_b05,5,"hybrid,dual_token,type_fix",hybrid/type_fix,2046786000,2022071000,1.0122226173067117
16,c16_b06,6,"hybrid,type_fix,dual_token",hybrid/type_fix,2049382000,2023648000,1.012716638466769
16,c16_b07,7,"dual_token,hybrid,type_fix",hybrid/type_fix,2027492000,2024217000,1.001617909542307
16,c16_b08,8,"type_fix,hybrid,dual_token",hybrid/type_fix,2028854000,2040314000,0.9943832174851518
16,c16_b09,9,"hybrid,dual_token,type_fix",hybrid/type_fix,2041396000,2026882000,1.00716075232796
16,c16_b10,10,"type_fix,dual_token,hybrid",hybrid/type_fix,2030218000,2042054000,0.994203875117896
16,c16_b11,11,"dual_token,type_fix,hybrid",hybrid/type_fix,2035759000,2029712000,1.00297924040455
16,c16_b00,0,"type_fix,dual_token,hybrid",dual_token/type_fix,2028945000,2040093000,0.994535543232588
16,c16_b01,1,"dual_token,hybrid,type_fix",dual_token/type_fix,2040985000,2023198000,1.0087915270774288
16,c16_b02,2,"type_fix,hybrid,dual_token",dual_token/type_fix,2027438000,2040242000,0.9937242738851567
16,c16_b03,3,"dual_token,type_fix,hybrid",dual_token/type_fix,2045504000,2028501000,1.008382051574044
16,c16_b04,4,"hybrid,type_fix,dual_token",dual_token/type_fix,2030706000,2022966000,1.003826065292249
16,c16_b05,5,"hybrid,dual_token,type_fix",dual_token/type_fix,2029886000,2022071000,1.003864849453852
16,c16_b06,6,"hybrid,type_fix,dual_token",dual_token/type_fix,2030650000,2023648000,1.003460087920429
16,c16_b07,7,"dual_token,hybrid,type_fix",dual_token/type_fix,2048841000,2024217000,1.012164703685425
16,c16_b08,8,"type_fix,hybrid,dual_token",dual_token/type_fix,2033967000,2040314000,0.9968892043087485
16,c16_b09,9,"hybrid,dual_token,type_fix",dual_token/type_fix,2029452000,2026882000,1.0012679573847911
16,c16_b10,10,"type_fix,dual_token,hybrid",dual_token/type_fix,2030006000,2042054000,0.9941000580787775
16,c16_b11,11,"dual_token,type_fix,hybrid",dual_token/type_fix,2045236000,2029712000,1.0076483757301529
16,c16_b00,0,"type_fix,dual_token,hybrid",dual_token/hybrid,2028945000,2024175000,1.0023565156174739
16,c16_b01,1,"dual_token,hybrid,type_fix",dual_token/hybrid,2040985000,2054640000,0.993354066892497
16,c16_b02,2,"type_fix,hybrid,dual_token",dual_token/hybrid,2027438000,2024552000,1.0014255005551846
16,c16_b03,3,"dual_token,type_fix,hybrid",dual_token/hybrid,2045504000,2034476000,1.0054205603801667
16,c16_b04,4,"hybrid,type_fix,dual_token",dual_token/hybrid,2030706000,2040211000,0.9953411681438832
16,c16_b05,5,"hybrid,dual_token,type_fix",dual_token/hybrid,2029886000,2046786000,0.991743152435086
16,c16_b06,6,"hybrid,type_fix,dual_token",dual_token/hybrid,2030650000,2049382000,0.9908596835533834
16,c16_b07,7,"dual_token,hybrid,type_fix",dual_token/hybrid,2048841000,2027492000,1.010529757947257
16,c16_b08,8,"type_fix,hybrid,dual_token",dual_token/hybrid,2033967000,2028854000,1.0025201419126266
16,c16_b09,9,"hybrid,dual_token,type_fix",dual_token/hybrid,2029452000,2041396000,0.9941491018890994
16,c16_b10,10,"type_fix,dual_token,hybrid",dual_token/hybrid,2030006000,2030218000,0.9998955777162847
16,c16_b11,11,"dual_token,type_fix,hybrid",dual_token/hybrid,2045236000,2035759000,1.0046552661685395
17,c17_b00,0,"dual_token,type_fix,hybrid",hybrid/type_fix,2037825000,2017370000,1.0101394389725236
17,c17_b01,1,"type_fix,hybrid,dual_token",hybrid/type_fix,2034646000,2044853000,0.9950084431497032
17,c17_b02,2,"hybrid,type_fix,dual_token",hybrid/type_fix,2040587000,2024028000,1.0081812109318646
17,c17_b03,3,"type_fix,dual_token,hybrid",hybrid/type_fix,2031493000,2036729000,0.9974292112499994
17,c17_b04,4,"hybrid,dual_token,type_fix",hybrid/type_fix,2050174000,2025290000,1.0122866354941762
17,c17_b05,5,"dual_token,hybrid,type_fix",hybrid/type_fix,2031341000,2021051000,1.005091410360253
17,c17_b06,6,"type_fix,dual_token,hybrid",hybrid/type_fix,2031852000,2037144000,0.9974022454966365
17,c17_b07,7,"type_fix,hybrid,dual_token",hybrid/type_fix,2024754000,2043093000,0.9910239034640127
17,c17_b08,8,"dual_token,hybrid,type_fix",hybrid/type_fix,2032361000,2024974000,1.0036479480724196
17,c17_b09,9,"hybrid,dual_token,type_fix",hybrid/type_fix,2053115000,2024080000,1.014344788743528
17,c17_b10,10,"dual_token,type_fix,hybrid",hybrid/type_fix,2035920000,2032869000,1.0015008345348373
17,c17_b11,11,"hybrid,type_fix,dual_token",hybrid/type_fix,2048522000,2025143000,1.0115443699531341
17,c17_b00,0,"dual_token,type_fix,hybrid",dual_token/type_fix,2044832000,2017370000,1.0136127730659226
17,c17_b01,1,"type_fix,hybrid,dual_token",dual_token/type_fix,2032617000,2044853000,0.9940161957852227
17,c17_b02,2,"hybrid,type_fix,dual_token",dual_token/type_fix,2038869000,2024028000,1.0073324084449424
17,c17_b03,3,"type_fix,dual_token,hybrid",dual_token/type_fix,2029656000,2036729000,0.9965272748608185
17,c17_b04,4,"hybrid,dual_token,type_fix",dual_token/type_fix,2029114000,2025290000,1.0018881246636284
17,c17_b05,5,"dual_token,hybrid,type_fix",dual_token/type_fix,2044346000,2021051000,1.01152618117999
17,c17_b06,6,"type_fix,dual_token,hybrid",dual_token/type_fix,2026196000,2037144000,0.9946258094665865
17,c17_b07,7,"type_fix,hybrid,dual_token",dual_token/type_fix,2027409000,2043093000,0.9923234037804447
17,c17_b08,8,"dual_token,hybrid,type_fix",dual_token/type_fix,2045581000,2024974000,1.010176426956593
17,c17_b09,9,"hybrid,dual_token,type_fix",dual_token/type_fix,2032242000,2024080000,1.0040324493103039
17,c17_b10,10,"dual_token,type_fix,hybrid",dual_token/type_fix,2045227000,2032869000,1.0060790931437293
17,c17_b11,11,"hybrid,type_fix,dual_token",dual_token/type_fix,2032466000,2025143000,1.0036160409413064
17,c17_b00,0,"dual_token,type_fix,hybrid",dual_token/hybrid,2044832000,2037825000,1.0034384699373107
17,c17_b01,1,"type_fix,hybrid,dual_token",dual_token/hybrid,2032617000,2034646000,0.9990027749298895
17,c17_b02,2,"hybrid,type_fix,dual_token",dual_token/hybrid,2038869000,2040587000,0.9991580853940557
17,c17_b03,3,"type_fix,dual_token,hybrid",dual_token/hybrid,2029656000,2031493000,0.9990957389466761
17,c17_b04,4,"hybrid,dual_token,type_fix",dual_token/hybrid,2029114000,2050174000,0.9897277011609746
17,c17_b05,5,"dual_token,hybrid,type_fix",dual_token/hybrid,2044346000,2031341000,1.006402174721034
17,c17_b06,6,"type_fix,dual_token,hybrid",dual_token/hybrid,2026196000,2031852000,0.9972163326856484
17,c17_b07,7,"type_fix,hybrid,dual_token",dual_token/hybrid,2027409000,2024754000,1.0013112704061826
17,c17_b08,8,"dual_token,hybrid,type_fix",dual_token/hybrid,2045581000,2032361000,1.0065047498943347
17,c17_b09,9,"hybrid,dual_token,type_fix",dual_token/hybrid,2032242000,2053115000,0.989833496905921
17,c17_b10,10,"dual_token,type_fix,hybrid",dual_token/hybrid,2045227000,2035920000,1.0045713976973556
17,c17_b11,11,"hybrid,type_fix,dual_token",dual_token/hybrid,2032466000,2048522000,0.992162153982237
