category,profile,input,case,tool_exit_code,leak_reports,status,command_log
leaks,release_audit,s_w2_r19_8_420_c1,clean,255,[],UNSUPPORTED_OR_NO_REPORT,leaks_8_420_clean
leaks,release_audit,s_w2_r19_8_420_c1,stage1,255,[],UNSUPPORTED_OR_NO_REPORT,leaks_8_420_stage1
leaks,release_audit,s_w2_r19_8_420_c1,stage2,255,[],UNSUPPORTED_OR_NO_REPORT,leaks_8_420_stage2
leaks,release_audit,s_w2_r19_8_420_c1,stage3,255,[],UNSUPPORTED_OR_NO_REPORT,leaks_8_420_stage3
leaks,release_audit,s_w2_r19_8_420_c1,stage4,255,[],UNSUPPORTED_OR_NO_REPORT,leaks_8_420_stage4
leaks,release_audit,s_w2_r19_8_420_c1,stage5,255,[],UNSUPPORTED_OR_NO_REPORT,leaks_8_420_stage5
leaks,release_audit,s_w2_r19_8_420_c1,stage6,255,[],UNSUPPORTED_OR_NO_REPORT,leaks_8_420_stage6
leaks,release_audit,s_w2_r19_8_420_c1,stage7,255,[],UNSUPPORTED_OR_NO_REPORT,leaks_8_420_stage7
leaks,release_audit,s_w2_r19_8_420_c1,plane0,255,[],UNSUPPORTED_OR_NO_REPORT,leaks_8_420_plane0
leaks,release_audit,s_w2_r19_8_420_c1,plane1,255,[],UNSUPPORTED_OR_NO_REPORT,leaks_8_420_plane1
leaks,release_audit,s_w2_r19_8_420_c1,plane2,255,[],UNSUPPORTED_OR_NO_REPORT,leaks_8_420_plane2
leaks,release_audit,s_w2_r19_8_420_c1,owner,255,[],UNSUPPORTED_OR_NO_REPORT,leaks_8_420_owner
leaks,release_audit,s_w2_r19_10_444_c1,clean,255,[],UNSUPPORTED_OR_NO_REPORT,leaks_10_444_clean
leaks,release_audit,s_w2_r19_10_444_c1,stage1,255,[],UNSUPPORTED_OR_NO_REPORT,leaks_10_444_stage1
leaks,release_audit,s_w2_r19_10_444_c1,stage2,255,[],UNSUPPORTED_OR_NO_REPORT,leaks_10_444_stage2
leaks,release_audit,s_w2_r19_10_444_c1,stage3,255,[],UNSUPPORTED_OR_NO_REPORT,leaks_10_444_stage3
leaks,release_audit,s_w2_r19_10_444_c1,stage4,255,[],UNSUPPORTED_OR_NO_REPORT,leaks_10_444_stage4
leaks,release_audit,s_w2_r19_10_444_c1,stage5,255,[],UNSUPPORTED_OR_NO_REPORT,leaks_10_444_stage5
leaks,release_audit,s_w2_r19_10_444_c1,stage6,255,[],UNSUPPORTED_OR_NO_REPORT,leaks_10_444_stage6
leaks,release_audit,s_w2_r19_10_444_c1,stage7,255,[],UNSUPPORTED_OR_NO_REPORT,leaks_10_444_stage7
leaks,release_audit,s_w2_r19_10_444_c1,plane0,255,[],UNSUPPORTED_OR_NO_REPORT,leaks_10_444_plane0
leaks,release_audit,s_w2_r19_10_444_c1,plane1,255,[],UNSUPPORTED_OR_NO_REPORT,leaks_10_444_plane1
leaks,release_audit,s_w2_r19_10_444_c1,plane2,255,[],UNSUPPORTED_OR_NO_REPORT,leaks_10_444_plane2
leaks,release_audit,s_w2_r19_10_444_c1,owner,255,[],UNSUPPORTED_OR_NO_REPORT,leaks_10_444_owner
leaks,release_audit,s_w2_r19_12_444_c1,clean,255,[],UNSUPPORTED_OR_NO_REPORT,leaks_12_444_clean
leaks,release_audit,s_w2_r19_12_444_c1,stage1,255,[],UNSUPPORTED_OR_NO_REPORT,leaks_12_444_stage1
leaks,release_audit,s_w2_r19_12_444_c1,stage2,255,[],UNSUPPORTED_OR_NO_REPORT,leaks_12_444_stage2
leaks,release_audit,s_w2_r19_12_444_c1,stage3,255,[],UNSUPPORTED_OR_NO_REPORT,leaks_12_444_stage3
leaks,release_audit,s_w2_r19_12_444_c1,stage4,255,[],UNSUPPORTED_OR_NO_REPORT,leaks_12_444_stage4
leaks,release_audit,s_w2_r19_12_444_c1,stage5,255,[],UNSUPPORTED_OR_NO_REPORT,leaks_12_444_stage5
leaks,release_audit,s_w2_r19_12_444_c1,stage6,255,[],UNSUPPORTED_OR_NO_REPORT,leaks_12_444_stage6
leaks,release_audit,s_w2_r19_12_444_c1,stage7,255,[],UNSUPPORTED_OR_NO_REPORT,leaks_12_444_stage7
leaks,release_audit,s_w2_r19_12_444_c1,plane0,255,[],UNSUPPORTED_OR_NO_REPORT,leaks_12_444_plane0
leaks,release_audit,s_w2_r19_12_444_c1,plane1,255,[],UNSUPPORTED_OR_NO_REPORT,leaks_12_444_plane1
leaks,release_audit,s_w2_r19_12_444_c1,plane2,255,[],UNSUPPORTED_OR_NO_REPORT,leaks_12_444_plane2
leaks,release_audit,s_w2_r19_12_444_c1,owner,255,[],UNSUPPORTED_OR_NO_REPORT,leaks_12_444_owner
