category,input,profile,W,row_mt,exit_code,frames,expected_frames,frame_md5_match,status,command_log
official_MKV_payload_conformance,sizeup,release,1,0,0,20,20,True,PASS,mkv_sizeup_release_w1_m0
official_MKV_payload_conformance,sizeup,release,1,1,0,20,20,True,PASS,mkv_sizeup_release_w1_m1
official_MKV_payload_conformance,sizeup,release,2,0,0,20,20,True,PASS,mkv_sizeup_release_w2_m0
official_MKV_payload_conformance,sizeup,release,2,1,0,20,20,True,PASS,mkv_sizeup_release_w2_m1
official_MKV_payload_conformance,sizeup,release,8,0,0,20,20,True,PASS,mkv_sizeup_release_w8_m0
official_MKV_payload_conformance,sizeup,release,8,1,0,20,20,True,PASS,mkv_sizeup_release_w8_m1
official_MKV_payload_conformance,sizeup,release,16,0,0,20,20,True,PASS,mkv_sizeup_release_w16_m0
official_MKV_payload_conformance,sizeup,release,16,1,0,20,20,True,PASS,mkv_sizeup_release_w16_m1
official_MKV_payload_conformance,sizeup,debug,1,0,0,20,20,True,PASS,mkv_sizeup_debug_w1_m0
official_MKV_payload_conformance,sizeup,debug,1,1,0,20,20,True,PASS,mkv_sizeup_debug_w1_m1
official_MKV_payload_conformance,sizeup,debug,2,0,0,20,20,True,PASS,mkv_sizeup_debug_w2_m0
official_MKV_payload_conformance,sizeup,debug,2,1,0,20,20,True,PASS,mkv_sizeup_debug_w2_m1
official_MKV_payload_conformance,sizeup,debug,8,0,0,20,20,True,PASS,mkv_sizeup_debug_w8_m0
official_MKV_payload_conformance,sizeup,debug,8,1,0,20,20,True,PASS,mkv_sizeup_debug_w8_m1
official_MKV_payload_conformance,sizeup,debug,16,0,0,20,20,True,PASS,mkv_sizeup_debug_w16_m0
official_MKV_payload_conformance,sizeup,debug,16,1,0,20,20,True,PASS,mkv_sizeup_debug_w16_m1
official_MKV_payload_conformance,sizeup,asan,1,0,0,20,20,True,PASS,mkv_sizeup_asan_w1_m0
official_MKV_payload_conformance,sizeup,asan,1,1,0,20,20,True,PASS,mkv_sizeup_asan_w1_m1
official_MKV_payload_conformance,sizeup,asan,2,0,0,20,20,True,PASS,mkv_sizeup_asan_w2_m0
official_MKV_payload_conformance,sizeup,asan,2,1,0,20,20,True,PASS,mkv_sizeup_asan_w2_m1
official_MKV_payload_conformance,sizeup,asan,8,0,0,20,20,True,PASS,mkv_sizeup_asan_w8_m0
official_MKV_payload_conformance,sizeup,asan,8,1,0,20,20,True,PASS,mkv_sizeup_asan_w8_m1
official_MKV_payload_conformance,sizeup,asan,16,0,0,20,20,True,PASS,mkv_sizeup_asan_w16_m0
official_MKV_payload_conformance,sizeup,asan,16,1,0,20,20,True,PASS,mkv_sizeup_asan_w16_m1
official_MKV_payload_conformance,sizeup,tsan,1,0,0,20,20,True,PASS,mkv_sizeup_tsan_w1_m0
official_MKV_payload_conformance,sizeup,tsan,1,1,0,20,20,True,PASS,mkv_sizeup_tsan_w1_m1
official_MKV_payload_conformance,sizeup,tsan,2,0,0,20,20,True,PASS,mkv_sizeup_tsan_w2_m0
official_MKV_payload_conformance,sizeup,tsan,2,1,0,20,20,True,PASS,mkv_sizeup_tsan_w2_m1
official_MKV_payload_conformance,sizeup,tsan,8,0,0,20,20,True,PASS,mkv_sizeup_tsan_w8_m0
official_MKV_payload_conformance,sizeup,tsan,8,1,0,20,20,True,PASS,mkv_sizeup_tsan_w8_m1
official_MKV_payload_conformance,sizeup,tsan,16,0,0,20,20,True,PASS,mkv_sizeup_tsan_w16_m0
official_MKV_payload_conformance,sizeup,tsan,16,1,0,20,20,True,PASS,mkv_sizeup_tsan_w16_m1
official_MKV_payload_conformance,sizedown,release,1,0,0,20,20,True,PASS,mkv_sizedown_release_w1_m0
official_MKV_payload_conformance,sizedown,release,1,1,0,20,20,True,PASS,mkv_sizedown_release_w1_m1
official_MKV_payload_conformance,sizedown,release,2,0,0,20,20,True,PASS,mkv_sizedown_release_w2_m0
official_MKV_payload_conformance,sizedown,release,2,1,0,20,20,True,PASS,mkv_sizedown_release_w2_m1
official_MKV_payload_conformance,sizedown,release,8,0,0,20,20,True,PASS,mkv_sizedown_release_w8_m0
official_MKV_payload_conformance,sizedown,release,8,1,0,20,20,True,PASS,mkv_sizedown_release_w8_m1
official_MKV_payload_conformance,sizedown,release,16,0,0,20,20,True,PASS,mkv_sizedown_release_w16_m0
official_MKV_payload_conformance,sizedown,release,16,1,0,20,20,True,PASS,mkv_sizedown_release_w16_m1
official_MKV_payload_conformance,sizedown,debug,1,0,0,20,20,True,PASS,mkv_sizedown_debug_w1_m0
official_MKV_payload_conformance,sizedown,debug,1,1,0,20,20,True,PASS,mkv_sizedown_debug_w1_m1
official_MKV_payload_conformance,sizedown,debug,2,0,0,20,20,True,PASS,mkv_sizedown_debug_w2_m0
official_MKV_payload_conformance,sizedown,debug,2,1,0,20,20,True,PASS,mkv_sizedown_debug_w2_m1
official_MKV_payload_conformance,sizedown,debug,8,0,0,20,20,True,PASS,mkv_sizedown_debug_w8_m0
official_MKV_payload_conformance,sizedown,debug,8,1,0,20,20,True,PASS,mkv_sizedown_debug_w8_m1
official_MKV_payload_conformance,sizedown,debug,16,0,0,20,20,True,PASS,mkv_sizedown_debug_w16_m0
official_MKV_payload_conformance,sizedown,debug,16,1,0,20,20,True,PASS,mkv_sizedown_debug_w16_m1
official_MKV_payload_conformance,sizedown,asan,1,0,0,20,20,True,PASS,mkv_sizedown_asan_w1_m0
official_MKV_payload_conformance,sizedown,asan,1,1,0,20,20,True,PASS,mkv_sizedown_asan_w1_m1
official_MKV_payload_conformance,sizedown,asan,2,0,0,20,20,True,PASS,mkv_sizedown_asan_w2_m0
official_MKV_payload_conformance,sizedown,asan,2,1,0,20,20,True,PASS,mkv_sizedown_asan_w2_m1
official_MKV_payload_conformance,sizedown,asan,8,0,0,20,20,True,PASS,mkv_sizedown_asan_w8_m0
official_MKV_payload_conformance,sizedown,asan,8,1,0,20,20,True,PASS,mkv_sizedown_asan_w8_m1
official_MKV_payload_conformance,sizedown,asan,16,0,0,20,20,True,PASS,mkv_sizedown_asan_w16_m0
official_MKV_payload_conformance,sizedown,asan,16,1,0,20,20,True,PASS,mkv_sizedown_asan_w16_m1
official_MKV_payload_conformance,sizedown,tsan,1,0,0,20,20,True,PASS,mkv_sizedown_tsan_w1_m0
official_MKV_payload_conformance,sizedown,tsan,1,1,0,20,20,True,PASS,mkv_sizedown_tsan_w1_m1
official_MKV_payload_conformance,sizedown,tsan,2,0,0,20,20,True,PASS,mkv_sizedown_tsan_w2_m0
official_MKV_payload_conformance,sizedown,tsan,2,1,0,20,20,True,PASS,mkv_sizedown_tsan_w2_m1
official_MKV_payload_conformance,sizedown,tsan,8,0,0,20,20,True,PASS,mkv_sizedown_tsan_w8_m0
official_MKV_payload_conformance,sizedown,tsan,8,1,0,20,20,True,PASS,mkv_sizedown_tsan_w8_m1
official_MKV_payload_conformance,sizedown,tsan,16,0,0,20,20,True,PASS,mkv_sizedown_tsan_w16_m0
official_MKV_payload_conformance,sizedown,tsan,16,1,0,20,20,True,PASS,mkv_sizedown_tsan_w16_m1
