variant,width,height,W_requested,actual_W,R,theoretical_top,theoretical_bottom,theoretical_total,allocator_padding_charged_categories,enabled,pixel_requested,pixel_usable,owner_requested,owner_usable,row_struct_requested,row_struct_usable,worker_requested,worker_usable,sync_struct_bytes,top_slots,bottom_slots,status,command_log
type_fix,1920,1080,2,2,17,3,2,5,2136,1,522240,524288,0,0,408,448,976,1024,32,17,17,PASS,account_type_fix_1920x1080_w2
dual_token,1920,1080,2,2,17,3,2,5,13484,1,76800,90112,20,48,544,640,976,1024,48,3,2,PASS,account_dual_token_1920x1080_w2
hybrid,1920,1080,2,2,17,3,2,5,13476,1,76800,90112,12,48,544,640,992,1024,48,3,2,PASS,account_hybrid_1920x1080_w2
type_fix,1920,1080,8,8,17,9,8,17,2280,1,522240,524288,0,0,408,448,3904,4096,32,17,17,PASS,account_type_fix_1920x1080_w8
dual_token,1920,1080,8,8,17,9,8,17,1340,1,261120,262144,68,96,544,640,3904,4096,48,9,8,PASS,account_dual_token_1920x1080_w8
hybrid,1920,1080,8,8,17,9,8,17,1276,1,261120,262144,36,64,544,640,3968,4096,48,9,8,PASS,account_hybrid_1920x1080_w8
type_fix,1920,1080,16,16,17,16,16,32,2472,1,522240,524288,0,0,408,448,7808,8192,32,17,17,PASS,account_type_fix_1920x1080_w16
dual_token,1920,1080,16,16,17,16,16,32,33280,1,491520,524288,128,160,544,640,7808,8192,48,16,16,PASS,account_dual_token_1920x1080_w16
hybrid,1920,1080,16,16,17,16,16,32,33152,1,491520,524288,64,96,544,640,7936,8192,48,16,16,PASS,account_hybrid_1920x1080_w16
type_fix,2560,1440,2,2,23,3,2,5,24712,1,942080,966656,0,0,552,640,976,1024,32,23,23,PASS,account_type_fix_2560x1440_w2
dual_token,2560,1440,2,2,23,3,2,5,20588,1,102400,122880,20,48,736,768,976,1024,48,3,2,PASS,account_dual_token_2560x1440_w2
hybrid,2560,1440,2,2,23,3,2,5,20580,1,102400,122880,12,48,736,768,992,1024,48,3,2,PASS,account_hybrid_2560x1440_w2
type_fix,2560,1440,8,8,23,9,8,17,24856,1,942080,966656,0,0,552,640,3904,4096,32,23,23,PASS,account_type_fix_2560x1440_w8
dual_token,2560,1440,8,8,23,9,8,17,28924,1,348160,376832,68,96,736,768,3904,4096,48,9,8,PASS,account_dual_token_2560x1440_w8
hybrid,2560,1440,8,8,23,9,8,17,28860,1,348160,376832,36,64,736,768,3968,4096,48,9,8,PASS,account_hybrid_2560x1440_w8
type_fix,2560,1440,16,16,23,17,16,33,25048,1,942080,966656,0,0,552,640,7808,8192,32,23,23,PASS,account_type_fix_2560x1440_w16
dual_token,2560,1440,16,16,23,17,16,33,29116,1,675840,704512,132,160,736,768,7808,8192,48,17,16,PASS,account_dual_token_2560x1440_w16
hybrid,2560,1440,16,16,23,17,16,33,28988,1,675840,704512,68,96,736,768,7936,8192,48,17,16,PASS,account_hybrid_2560x1440_w16
type_fix,3840,2160,2,2,34,3,2,5,8320,1,2088960,2097152,0,0,816,896,976,1024,32,34,34,PASS,account_type_fix_3840x2160_w2
dual_token,3840,2160,2,2,34,3,2,5,26892,1,153600,180224,20,48,1088,1280,976,1024,48,3,2,PASS,account_dual_token_3840x2160_w2
hybrid,3840,2160,2,2,34,3,2,5,26884,1,153600,180224,12,48,1088,1280,992,1024,48,3,2,PASS,account_hybrid_3840x2160_w2
type_fix,3840,2160,8,8,34,9,8,17,8464,1,2088960,2097152,0,0,816,896,3904,4096,32,34,34,PASS,account_type_fix_3840x2160_w8
dual_token,3840,2160,8,8,34,9,8,17,2460,1,522240,524288,68,96,1088,1280,3904,4096,48,9,8,PASS,account_dual_token_3840x2160_w8
hybrid,3840,2160,8,8,34,9,8,17,2396,1,522240,524288,36,64,1088,1280,3968,4096,48,9,8,PASS,account_hybrid_3840x2160_w8
type_fix,3840,2160,16,16,34,17,16,33,8656,1,2088960,2097152,0,0,816,896,7808,8192,32,34,34,PASS,account_type_fix_3840x2160_w16
dual_token,3840,2160,16,16,34,17,16,33,19036,1,1013760,1032192,132,160,1088,1280,7808,8192,48,17,16,PASS,account_dual_token_3840x2160_w16
hybrid,3840,2160,16,16,34,17,16,33,18908,1,1013760,1032192,68,96,1088,1280,7936,8192,48,17,16,PASS,account_hybrid_3840x2160_w16
