input,variant,W_requested,actual_W,frames,pixel_sha256,copy_sha256,filtered_luma_calls,filtered_luma_blocks,strengths,activation_sha256,exit_code,status,command_log,nonzero_strength_luma_calls,nonzero_strength_luma_blocks,visible_luma_8x8_cells,nonzero_luma_fraction,direction_only_luma_blocks
real_park_joy_90p_8_420_q0,type_fix,2,[],10,f69d2a98c1a5dc235b9c735c4b18f9c37d15cdd6e626cfadb7d740853e93214b,4f53cda18c2baa0c0354bb5f9a3ecbe5ed12ab4d8e11ba873c2f11161202b945,0,0,[],4f53cda18c2baa0c0354bb5f9a3ecbe5ed12ab4d8e11ba873c2f11161202b945,0,PASS,real_real_park_joy_90p_8_420_q0_w2_type_fix,0,0,2400,0.0,0
real_park_joy_90p_8_420_q0,dual_token,2,[],10,f69d2a98c1a5dc235b9c735c4b18f9c37d15cdd6e626cfadb7d740853e93214b,4f53cda18c2baa0c0354bb5f9a3ecbe5ed12ab4d8e11ba873c2f11161202b945,0,0,[],4f53cda18c2baa0c0354bb5f9a3ecbe5ed12ab4d8e11ba873c2f11161202b945,0,PASS,real_real_park_joy_90p_8_420_q0_w2_dual_token,0,0,2400,0.0,0
real_park_joy_90p_8_420_q0,hybrid,2,[],10,f69d2a98c1a5dc235b9c735c4b18f9c37d15cdd6e626cfadb7d740853e93214b,4f53cda18c2baa0c0354bb5f9a3ecbe5ed12ab4d8e11ba873c2f11161202b945,0,0,[],4f53cda18c2baa0c0354bb5f9a3ecbe5ed12ab4d8e11ba873c2f11161202b945,0,PASS,real_real_park_joy_90p_8_420_q0_w2_hybrid,0,0,2400,0.0,0
real_park_joy_90p_8_420_q0,type_fix,8,[],10,f69d2a98c1a5dc235b9c735c4b18f9c37d15cdd6e626cfadb7d740853e93214b,4f53cda18c2baa0c0354bb5f9a3ecbe5ed12ab4d8e11ba873c2f11161202b945,0,0,[],4f53cda18c2baa0c0354bb5f9a3ecbe5ed12ab4d8e11ba873c2f11161202b945,0,PASS,real_real_park_joy_90p_8_420_q0_w8_type_fix,0,0,2400,0.0,0
real_park_joy_90p_8_420_q0,dual_token,8,[],10,f69d2a98c1a5dc235b9c735c4b18f9c37d15cdd6e626cfadb7d740853e93214b,4f53cda18c2baa0c0354bb5f9a3ecbe5ed12ab4d8e11ba873c2f11161202b945,0,0,[],4f53cda18c2baa0c0354bb5f9a3ecbe5ed12ab4d8e11ba873c2f11161202b945,0,PASS,real_real_park_joy_90p_8_420_q0_w8_dual_token,0,0,2400,0.0,0
real_park_joy_90p_8_420_q0,hybrid,8,[],10,f69d2a98c1a5dc235b9c735c4b18f9c37d15cdd6e626cfadb7d740853e93214b,4f53cda18c2baa0c0354bb5f9a3ecbe5ed12ab4d8e11ba873c2f11161202b945,0,0,[],4f53cda18c2baa0c0354bb5f9a3ecbe5ed12ab4d8e11ba873c2f11161202b945,0,PASS,real_real_park_joy_90p_8_420_q0_w8_hybrid,0,0,2400,0.0,0
real_park_joy_90p_8_420_q0,type_fix,16,[],10,f69d2a98c1a5dc235b9c735c4b18f9c37d15cdd6e626cfadb7d740853e93214b,4f53cda18c2baa0c0354bb5f9a3ecbe5ed12ab4d8e11ba873c2f11161202b945,0,0,[],4f53cda18c2baa0c0354bb5f9a3ecbe5ed12ab4d8e11ba873c2f11161202b945,0,PASS,real_real_park_joy_90p_8_420_q0_w16_type_fix,0,0,2400,0.0,0
real_park_joy_90p_8_420_q0,dual_token,16,[],10,f69d2a98c1a5dc235b9c735c4b18f9c37d15cdd6e626cfadb7d740853e93214b,4f53cda18c2baa0c0354bb5f9a3ecbe5ed12ab4d8e11ba873c2f11161202b945,0,0,[],4f53cda18c2baa0c0354bb5f9a3ecbe5ed12ab4d8e11ba873c2f11161202b945,0,PASS,real_real_park_joy_90p_8_420_q0_w16_dual_token,0,0,2400,0.0,0
real_park_joy_90p_8_420_q0,hybrid,16,[],10,f69d2a98c1a5dc235b9c735c4b18f9c37d15cdd6e626cfadb7d740853e93214b,4f53cda18c2baa0c0354bb5f9a3ecbe5ed12ab4d8e11ba873c2f11161202b945,0,0,[],4f53cda18c2baa0c0354bb5f9a3ecbe5ed12ab4d8e11ba873c2f11161202b945,0,PASS,real_real_park_joy_90p_8_420_q0_w16_hybrid,0,0,2400,0.0,0
real_park_joy_90p_8_420_q24,type_fix,2,[2],10,2270771e84c7f0c663b21e31506ab0791ea065c81e43558a712fb672c5f6b295,03a3f153bb7902d948d7c801c4ecfef99238400393f4249323700bcd6aecaa2e,53,1374,"[[0, 0], [0, 2]]",e7ef17b0ff627db1561cba31beb8c1f5c60c0ee3eeec0db4a6314151d3868af4,0,PASS,real_real_park_joy_90p_8_420_q24_w2_type_fix,46,1151,2400,0.4795833333333333,223
real_park_joy_90p_8_420_q24,dual_token,2,[2],10,2270771e84c7f0c663b21e31506ab0791ea065c81e43558a712fb672c5f6b295,03a3f153bb7902d948d7c801c4ecfef99238400393f4249323700bcd6aecaa2e,53,1374,"[[0, 0], [0, 2]]",e7ef17b0ff627db1561cba31beb8c1f5c60c0ee3eeec0db4a6314151d3868af4,0,PASS,real_real_park_joy_90p_8_420_q24_w2_dual_token,46,1151,2400,0.4795833333333333,223
real_park_joy_90p_8_420_q24,hybrid,2,[2],10,2270771e84c7f0c663b21e31506ab0791ea065c81e43558a712fb672c5f6b295,03a3f153bb7902d948d7c801c4ecfef99238400393f4249323700bcd6aecaa2e,53,1374,"[[0, 0], [0, 2]]",e7ef17b0ff627db1561cba31beb8c1f5c60c0ee3eeec0db4a6314151d3868af4,0,PASS,real_real_park_joy_90p_8_420_q24_w2_hybrid,46,1151,2400,0.4795833333333333,223
real_park_joy_90p_8_420_q24,type_fix,8,[8],10,2270771e84c7f0c663b21e31506ab0791ea065c81e43558a712fb672c5f6b295,03a3f153bb7902d948d7c801c4ecfef99238400393f4249323700bcd6aecaa2e,53,1374,"[[0, 0], [0, 2]]",e7ef17b0ff627db1561cba31beb8c1f5c60c0ee3eeec0db4a6314151d3868af4,0,PASS,real_real_park_joy_90p_8_420_q24_w8_type_fix,46,1151,2400,0.4795833333333333,223
real_park_joy_90p_8_420_q24,dual_token,8,[8],10,2270771e84c7f0c663b21e31506ab0791ea065c81e43558a712fb672c5f6b295,03a3f153bb7902d948d7c801c4ecfef99238400393f4249323700bcd6aecaa2e,53,1374,"[[0, 0], [0, 2]]",e7ef17b0ff627db1561cba31beb8c1f5c60c0ee3eeec0db4a6314151d3868af4,0,PASS,real_real_park_joy_90p_8_420_q24_w8_dual_token,46,1151,2400,0.4795833333333333,223
real_park_joy_90p_8_420_q24,hybrid,8,[8],10,2270771e84c7f0c663b21e31506ab0791ea065c81e43558a712fb672c5f6b295,03a3f153bb7902d948d7c801c4ecfef99238400393f4249323700bcd6aecaa2e,53,1374,"[[0, 0], [0, 2]]",e7ef17b0ff627db1561cba31beb8c1f5c60c0ee3eeec0db4a6314151d3868af4,0,PASS,real_real_park_joy_90p_8_420_q24_w8_hybrid,46,1151,2400,0.4795833333333333,223
real_park_joy_90p_8_420_q24,type_fix,16,[16],10,2270771e84c7f0c663b21e31506ab0791ea065c81e43558a712fb672c5f6b295,03a3f153bb7902d948d7c801c4ecfef99238400393f4249323700bcd6aecaa2e,53,1374,"[[0, 0], [0, 2]]",e7ef17b0ff627db1561cba31beb8c1f5c60c0ee3eeec0db4a6314151d3868af4,0,PASS,real_real_park_joy_90p_8_420_q24_w16_type_fix,46,1151,2400,0.4795833333333333,223
real_park_joy_90p_8_420_q24,dual_token,16,[16],10,2270771e84c7f0c663b21e31506ab0791ea065c81e43558a712fb672c5f6b295,03a3f153bb7902d948d7c801c4ecfef99238400393f4249323700bcd6aecaa2e,53,1374,"[[0, 0], [0, 2]]",e7ef17b0ff627db1561cba31beb8c1f5c60c0ee3eeec0db4a6314151d3868af4,0,PASS,real_real_park_joy_90p_8_420_q24_w16_dual_token,46,1151,2400,0.4795833333333333,223
real_park_joy_90p_8_420_q24,hybrid,16,[16],10,2270771e84c7f0c663b21e31506ab0791ea065c81e43558a712fb672c5f6b295,03a3f153bb7902d948d7c801c4ecfef99238400393f4249323700bcd6aecaa2e,53,1374,"[[0, 0], [0, 2]]",e7ef17b0ff627db1561cba31beb8c1f5c60c0ee3eeec0db4a6314151d3868af4,0,PASS,real_real_park_joy_90p_8_420_q24_w16_hybrid,46,1151,2400,0.4795833333333333,223
real_park_joy_90p_8_420_q56,type_fix,2,[2],10,54685c03081e042fd6aa147828485d3bd98948dc1abcbfa81e2f2117cd1f7a0b,dc408cda9f72e560960fbe7fc92ebedfe1614e99a8224a409910e44068da0967,58,1618,"[[0, 2], [11, 2]]",6c201e757601208aa7f9960f47dbdb70bfe112a38feafb5c823b9aec640ea212,0,PASS,real_real_park_joy_90p_8_420_q56_w2_type_fix,58,1618,2400,0.6741666666666667,0
real_park_joy_90p_8_420_q56,dual_token,2,[2],10,54685c03081e042fd6aa147828485d3bd98948dc1abcbfa81e2f2117cd1f7a0b,dc408cda9f72e560960fbe7fc92ebedfe1614e99a8224a409910e44068da0967,58,1618,"[[0, 2], [11, 2]]",6c201e757601208aa7f9960f47dbdb70bfe112a38feafb5c823b9aec640ea212,0,PASS,real_real_park_joy_90p_8_420_q56_w2_dual_token,58,1618,2400,0.6741666666666667,0
real_park_joy_90p_8_420_q56,hybrid,2,[2],10,54685c03081e042fd6aa147828485d3bd98948dc1abcbfa81e2f2117cd1f7a0b,dc408cda9f72e560960fbe7fc92ebedfe1614e99a8224a409910e44068da0967,58,1618,"[[0, 2], [11, 2]]",6c201e757601208aa7f9960f47dbdb70bfe112a38feafb5c823b9aec640ea212,0,PASS,real_real_park_joy_90p_8_420_q56_w2_hybrid,58,1618,2400,0.6741666666666667,0
real_park_joy_90p_8_420_q56,type_fix,8,[8],10,54685c03081e042fd6aa147828485d3bd98948dc1abcbfa81e2f2117cd1f7a0b,dc408cda9f72e560960fbe7fc92ebedfe1614e99a8224a409910e44068da0967,58,1618,"[[0, 2], [11, 2]]",6c201e757601208aa7f9960f47dbdb70bfe112a38feafb5c823b9aec640ea212,0,PASS,real_real_park_joy_90p_8_420_q56_w8_type_fix,58,1618,2400,0.6741666666666667,0
real_park_joy_90p_8_420_q56,dual_token,8,[8],10,54685c03081e042fd6aa147828485d3bd98948dc1abcbfa81e2f2117cd1f7a0b,dc408cda9f72e560960fbe7fc92ebedfe1614e99a8224a409910e44068da0967,58,1618,"[[0, 2], [11, 2]]",6c201e757601208aa7f9960f47dbdb70bfe112a38feafb5c823b9aec640ea212,0,PASS,real_real_park_joy_90p_8_420_q56_w8_dual_token,58,1618,2400,0.6741666666666667,0
real_park_joy_90p_8_420_q56,hybrid,8,[8],10,54685c03081e042fd6aa147828485d3bd98948dc1abcbfa81e2f2117cd1f7a0b,dc408cda9f72e560960fbe7fc92ebedfe1614e99a8224a409910e44068da0967,58,1618,"[[0, 2], [11, 2]]",6c201e757601208aa7f9960f47dbdb70bfe112a38feafb5c823b9aec640ea212,0,PASS,real_real_park_joy_90p_8_420_q56_w8_hybrid,58,1618,2400,0.6741666666666667,0
real_park_joy_90p_8_420_q56,type_fix,16,[16],10,54685c03081e042fd6aa147828485d3bd98948dc1abcbfa81e2f2117cd1f7a0b,dc408cda9f72e560960fbe7fc92ebedfe1614e99a8224a409910e44068da0967,58,1618,"[[0, 2], [11, 2]]",6c201e757601208aa7f9960f47dbdb70bfe112a38feafb5c823b9aec640ea212,0,PASS,real_real_park_joy_90p_8_420_q56_w16_type_fix,58,1618,2400,0.6741666666666667,0
real_park_joy_90p_8_420_q56,dual_token,16,[16],10,54685c03081e042fd6aa147828485d3bd98948dc1abcbfa81e2f2117cd1f7a0b,dc408cda9f72e560960fbe7fc92ebedfe1614e99a8224a409910e44068da0967,58,1618,"[[0, 2], [11, 2]]",6c201e757601208aa7f9960f47dbdb70bfe112a38feafb5c823b9aec640ea212,0,PASS,real_real_park_joy_90p_8_420_q56_w16_dual_token,58,1618,2400,0.6741666666666667,0
real_park_joy_90p_8_420_q56,hybrid,16,[16],10,54685c03081e042fd6aa147828485d3bd98948dc1abcbfa81e2f2117cd1f7a0b,dc408cda9f72e560960fbe7fc92ebedfe1614e99a8224a409910e44068da0967,58,1618,"[[0, 2], [11, 2]]",6c201e757601208aa7f9960f47dbdb70bfe112a38feafb5c823b9aec640ea212,0,PASS,real_real_park_joy_90p_8_420_q56_w16_hybrid,58,1618,2400,0.6741666666666667,0
real_crowd_run_360p_10_150f_q0,type_fix,2,[],10,9d99bdd5b790da35f4f3734c71e8f01f46837dcefc01cc5f9a54269c7007f6d3,4f53cda18c2baa0c0354bb5f9a3ecbe5ed12ab4d8e11ba873c2f11161202b945,0,0,[],4f53cda18c2baa0c0354bb5f9a3ecbe5ed12ab4d8e11ba873c2f11161202b945,0,PASS,real_real_crowd_run_360p_10_150f_q0_w2_type_fix,0,0,36000,0.0,0
real_crowd_run_360p_10_150f_q0,dual_token,2,[],10,9d99bdd5b790da35f4f3734c71e8f01f46837dcefc01cc5f9a54269c7007f6d3,4f53cda18c2baa0c0354bb5f9a3ecbe5ed12ab4d8e11ba873c2f11161202b945,0,0,[],4f53cda18c2baa0c0354bb5f9a3ecbe5ed12ab4d8e11ba873c2f11161202b945,0,PASS,real_real_crowd_run_360p_10_150f_q0_w2_dual_token,0,0,36000,0.0,0
real_crowd_run_360p_10_150f_q0,hybrid,2,[],10,9d99bdd5b790da35f4f3734c71e8f01f46837dcefc01cc5f9a54269c7007f6d3,4f53cda18c2baa0c0354bb5f9a3ecbe5ed12ab4d8e11ba873c2f11161202b945,0,0,[],4f53cda18c2baa0c0354bb5f9a3ecbe5ed12ab4d8e11ba873c2f11161202b945,0,PASS,real_real_crowd_run_360p_10_150f_q0_w2_hybrid,0,0,36000,0.0,0
real_crowd_run_360p_10_150f_q0,type_fix,8,[],10,9d99bdd5b790da35f4f3734c71e8f01f46837dcefc01cc5f9a54269c7007f6d3,4f53cda18c2baa0c0354bb5f9a3ecbe5ed12ab4d8e11ba873c2f11161202b945,0,0,[],4f53cda18c2baa0c0354bb5f9a3ecbe5ed12ab4d8e11ba873c2f11161202b945,0,PASS,real_real_crowd_run_360p_10_150f_q0_w8_type_fix,0,0,36000,0.0,0
real_crowd_run_360p_10_150f_q0,dual_token,8,[],10,9d99bdd5b790da35f4f3734c71e8f01f46837dcefc01cc5f9a54269c7007f6d3,4f53cda18c2baa0c0354bb5f9a3ecbe5ed12ab4d8e11ba873c2f11161202b945,0,0,[],4f53cda18c2baa0c0354bb5f9a3ecbe5ed12ab4d8e11ba873c2f11161202b945,0,PASS,real_real_crowd_run_360p_10_150f_q0_w8_dual_token,0,0,36000,0.0,0
real_crowd_run_360p_10_150f_q0,hybrid,8,[],10,9d99bdd5b790da35f4f3734c71e8f01f46837dcefc01cc5f9a54269c7007f6d3,4f53cda18c2baa0c0354bb5f9a3ecbe5ed12ab4d8e11ba873c2f11161202b945,0,0,[],4f53cda18c2baa0c0354bb5f9a3ecbe5ed12ab4d8e11ba873c2f11161202b945,0,PASS,real_real_crowd_run_360p_10_150f_q0_w8_hybrid,0,0,36000,0.0,0
real_crowd_run_360p_10_150f_q0,type_fix,16,[],10,9d99bdd5b790da35f4f3734c71e8f01f46837dcefc01cc5f9a54269c7007f6d3,4f53cda18c2baa0c0354bb5f9a3ecbe5ed12ab4d8e11ba873c2f11161202b945,0,0,[],4f53cda18c2baa0c0354bb5f9a3ecbe5ed12ab4d8e11ba873c2f11161202b945,0,PASS,real_real_crowd_run_360p_10_150f_q0_w16_type_fix,0,0,36000,0.0,0
real_crowd_run_360p_10_150f_q0,dual_token,16,[],10,9d99bdd5b790da35f4f3734c71e8f01f46837dcefc01cc5f9a54269c7007f6d3,4f53cda18c2baa0c0354bb5f9a3ecbe5ed12ab4d8e11ba873c2f11161202b945,0,0,[],4f53cda18c2baa0c0354bb5f9a3ecbe5ed12ab4d8e11ba873c2f11161202b945,0,PASS,real_real_crowd_run_360p_10_150f_q0_w16_dual_token,0,0,36000,0.0,0
real_crowd_run_360p_10_150f_q0,hybrid,16,[],10,9d99bdd5b790da35f4f3734c71e8f01f46837dcefc01cc5f9a54269c7007f6d3,4f53cda18c2baa0c0354bb5f9a3ecbe5ed12ab4d8e11ba873c2f11161202b945,0,0,[],4f53cda18c2baa0c0354bb5f9a3ecbe5ed12ab4d8e11ba873c2f11161202b945,0,PASS,real_real_crowd_run_360p_10_150f_q0_w16_hybrid,0,0,36000,0.0,0
real_crowd_run_360p_10_150f_q24,type_fix,2,[2],10,7726b9c804533e182a3a79638aa27e5c202703948572f43cf4b82592eb51cc32,31592194d55ba2b04d329d80574508b09f1298d0e2999c1a25a3a850916ba665,399,21113,"[[0, 0], [0, 2]]",d5027ac9f1d97bb90cd49cce1a1c9b0bf5eb768761a37560c3cbb5030ce1df60,0,PASS,real_real_crowd_run_360p_10_150f_q24_w2_type_fix,336,17616,36000,0.48933333333333334,3497
real_crowd_run_360p_10_150f_q24,dual_token,2,[2],10,7726b9c804533e182a3a79638aa27e5c202703948572f43cf4b82592eb51cc32,31592194d55ba2b04d329d80574508b09f1298d0e2999c1a25a3a850916ba665,399,21113,"[[0, 0], [0, 2]]",d5027ac9f1d97bb90cd49cce1a1c9b0bf5eb768761a37560c3cbb5030ce1df60,0,PASS,real_real_crowd_run_360p_10_150f_q24_w2_dual_token,336,17616,36000,0.48933333333333334,3497
real_crowd_run_360p_10_150f_q24,hybrid,2,[2],10,7726b9c804533e182a3a79638aa27e5c202703948572f43cf4b82592eb51cc32,31592194d55ba2b04d329d80574508b09f1298d0e2999c1a25a3a850916ba665,399,21113,"[[0, 0], [0, 2]]",d5027ac9f1d97bb90cd49cce1a1c9b0bf5eb768761a37560c3cbb5030ce1df60,0,PASS,real_real_crowd_run_360p_10_150f_q24_w2_hybrid,336,17616,36000,0.48933333333333334,3497
real_crowd_run_360p_10_150f_q24,type_fix,8,[8],10,7726b9c804533e182a3a79638aa27e5c202703948572f43cf4b82592eb51cc32,31592194d55ba2b04d329d80574508b09f1298d0e2999c1a25a3a850916ba665,399,21113,"[[0, 0], [0, 2]]",d5027ac9f1d97bb90cd49cce1a1c9b0bf5eb768761a37560c3cbb5030ce1df60,0,PASS,real_real_crowd_run_360p_10_150f_q24_w8_type_fix,336,17616,36000,0.48933333333333334,3497
real_crowd_run_360p_10_150f_q24,dual_token,8,[8],10,7726b9c804533e182a3a79638aa27e5c202703948572f43cf4b82592eb51cc32,31592194d55ba2b04d329d80574508b09f1298d0e2999c1a25a3a850916ba665,399,21113,"[[0, 0], [0, 2]]",d5027ac9f1d97bb90cd49cce1a1c9b0bf5eb768761a37560c3cbb5030ce1df60,0,PASS,real_real_crowd_run_360p_10_150f_q24_w8_dual_token,336,17616,36000,0.48933333333333334,3497
real_crowd_run_360p_10_150f_q24,hybrid,8,[8],10,7726b9c804533e182a3a79638aa27e5c202703948572f43cf4b82592eb51cc32,31592194d55ba2b04d329d80574508b09f1298d0e2999c1a25a3a850916ba665,399,21113,"[[0, 0], [0, 2]]",d5027ac9f1d97bb90cd49cce1a1c9b0bf5eb768761a37560c3cbb5030ce1df60,0,PASS,real_real_crowd_run_360p_10_150f_q24_w8_hybrid,336,17616,36000,0.48933333333333334,3497
real_crowd_run_360p_10_150f_q24,type_fix,16,[16],10,7726b9c804533e182a3a79638aa27e5c202703948572f43cf4b82592eb51cc32,31592194d55ba2b04d329d80574508b09f1298d0e2999c1a25a3a850916ba665,399,21113,"[[0, 0], [0, 2]]",d5027ac9f1d97bb90cd49cce1a1c9b0bf5eb768761a37560c3cbb5030ce1df60,0,PASS,real_real_crowd_run_360p_10_150f_q24_w16_type_fix,336,17616,36000,0.48933333333333334,3497
real_crowd_run_360p_10_150f_q24,dual_token,16,[16],10,7726b9c804533e182a3a79638aa27e5c202703948572f43cf4b82592eb51cc32,31592194d55ba2b04d329d80574508b09f1298d0e2999c1a25a3a850916ba665,399,21113,"[[0, 0], [0, 2]]",d5027ac9f1d97bb90cd49cce1a1c9b0bf5eb768761a37560c3cbb5030ce1df60,0,PASS,real_real_crowd_run_360p_10_150f_q24_w16_dual_token,336,17616,36000,0.48933333333333334,3497
real_crowd_run_360p_10_150f_q24,hybrid,16,[16],10,7726b9c804533e182a3a79638aa27e5c202703948572f43cf4b82592eb51cc32,31592194d55ba2b04d329d80574508b09f1298d0e2999c1a25a3a850916ba665,399,21113,"[[0, 0], [0, 2]]",d5027ac9f1d97bb90cd49cce1a1c9b0bf5eb768761a37560c3cbb5030ce1df60,0,PASS,real_real_crowd_run_360p_10_150f_q24_w16_hybrid,336,17616,36000,0.48933333333333334,3497
real_crowd_run_360p_10_150f_q56,type_fix,2,[2],10,3d6a313ad6e0fb8b1dc2c0c1b785bebb48b85b07c0f30efa18c8e165dd15788a,cd03db31b4fa4d69dc63d25cb7afbc568b353f72936f3e346ccf5ca14aeb500e,470,23201,"[[0, 0], [0, 2], [11, 2]]",49d2f809d6c55bf735ccff2335fe1e46adec8f2aa8d369324c56a7dfd090a8d3,0,PASS,real_real_crowd_run_360p_10_150f_q56_w2_type_fix,457,22630,36000,0.6286111111111111,571
real_crowd_run_360p_10_150f_q56,dual_token,2,[2],10,3d6a313ad6e0fb8b1dc2c0c1b785bebb48b85b07c0f30efa18c8e165dd15788a,cd03db31b4fa4d69dc63d25cb7afbc568b353f72936f3e346ccf5ca14aeb500e,470,23201,"[[0, 0], [0, 2], [11, 2]]",49d2f809d6c55bf735ccff2335fe1e46adec8f2aa8d369324c56a7dfd090a8d3,0,PASS,real_real_crowd_run_360p_10_150f_q56_w2_dual_token,457,22630,36000,0.6286111111111111,571
real_crowd_run_360p_10_150f_q56,hybrid,2,[2],10,3d6a313ad6e0fb8b1dc2c0c1b785bebb48b85b07c0f30efa18c8e165dd15788a,cd03db31b4fa4d69dc63d25cb7afbc568b353f72936f3e346ccf5ca14aeb500e,470,23201,"[[0, 0], [0, 2], [11, 2]]",49d2f809d6c55bf735ccff2335fe1e46adec8f2aa8d369324c56a7dfd090a8d3,0,PASS,real_real_crowd_run_360p_10_150f_q56_w2_hybrid,457,22630,36000,0.6286111111111111,571
real_crowd_run_360p_10_150f_q56,type_fix,8,[8],10,3d6a313ad6e0fb8b1dc2c0c1b785bebb48b85b07c0f30efa18c8e165dd15788a,cd03db31b4fa4d69dc63d25cb7afbc568b353f72936f3e346ccf5ca14aeb500e,470,23201,"[[0, 0], [0, 2], [11, 2]]",49d2f809d6c55bf735ccff2335fe1e46adec8f2aa8d369324c56a7dfd090a8d3,0,PASS,real_real_crowd_run_360p_10_150f_q56_w8_type_fix,457,22630,36000,0.6286111111111111,571
real_crowd_run_360p_10_150f_q56,dual_token,8,[8],10,3d6a313ad6e0fb8b1dc2c0c1b785bebb48b85b07c0f30efa18c8e165dd15788a,cd03db31b4fa4d69dc63d25cb7afbc568b353f72936f3e346ccf5ca14aeb500e,470,23201,"[[0, 0], [0, 2], [11, 2]]",49d2f809d6c55bf735ccff2335fe1e46adec8f2aa8d369324c56a7dfd090a8d3,0,PASS,real_real_crowd_run_360p_10_150f_q56_w8_dual_token,457,22630,36000,0.6286111111111111,571
real_crowd_run_360p_10_150f_q56,hybrid,8,[8],10,3d6a313ad6e0fb8b1dc2c0c1b785bebb48b85b07c0f30efa18c8e165dd15788a,cd03db31b4fa4d69dc63d25cb7afbc568b353f72936f3e346ccf5ca14aeb500e,470,23201,"[[0, 0], [0, 2], [11, 2]]",49d2f809d6c55bf735ccff2335fe1e46adec8f2aa8d369324c56a7dfd090a8d3,0,PASS,real_real_crowd_run_360p_10_150f_q56_w8_hybrid,457,22630,36000,0.6286111111111111,571
real_crowd_run_360p_10_150f_q56,type_fix,16,[16],10,3d6a313ad6e0fb8b1dc2c0c1b785bebb48b85b07c0f30efa18c8e165dd15788a,cd03db31b4fa4d69dc63d25cb7afbc568b353f72936f3e346ccf5ca14aeb500e,470,23201,"[[0, 0], [0, 2], [11, 2]]",49d2f809d6c55bf735ccff2335fe1e46adec8f2aa8d369324c56a7dfd090a8d3,0,PASS,real_real_crowd_run_360p_10_150f_q56_w16_type_fix,457,22630,36000,0.6286111111111111,571
real_crowd_run_360p_10_150f_q56,dual_token,16,[16],10,3d6a313ad6e0fb8b1dc2c0c1b785bebb48b85b07c0f30efa18c8e165dd15788a,cd03db31b4fa4d69dc63d25cb7afbc568b353f72936f3e346ccf5ca14aeb500e,470,23201,"[[0, 0], [0, 2], [11, 2]]",49d2f809d6c55bf735ccff2335fe1e46adec8f2aa8d369324c56a7dfd090a8d3,0,PASS,real_real_crowd_run_360p_10_150f_q56_w16_dual_token,457,22630,36000,0.6286111111111111,571
real_crowd_run_360p_10_150f_q56,hybrid,16,[16],10,3d6a313ad6e0fb8b1dc2c0c1b785bebb48b85b07c0f30efa18c8e165dd15788a,cd03db31b4fa4d69dc63d25cb7afbc568b353f72936f3e346ccf5ca14aeb500e,470,23201,"[[0, 0], [0, 2], [11, 2]]",49d2f809d6c55bf735ccff2335fe1e46adec8f2aa8d369324c56a7dfd090a8d3,0,PASS,real_real_crowd_run_360p_10_150f_q56_w16_hybrid,457,22630,36000,0.6286111111111111,571
real_wikipedia_420_360p_60f_q0,type_fix,2,[],10,96baba669d660e76b484dc18a7904a80da7bd74f8709d2a4d319d440de014122,4f53cda18c2baa0c0354bb5f9a3ecbe5ed12ab4d8e11ba873c2f11161202b945,0,0,[],4f53cda18c2baa0c0354bb5f9a3ecbe5ed12ab4d8e11ba873c2f11161202b945,0,PASS,real_real_wikipedia_420_360p_60f_q0_w2_type_fix,0,0,36000,0.0,0
real_wikipedia_420_360p_60f_q0,dual_token,2,[],10,96baba669d660e76b484dc18a7904a80da7bd74f8709d2a4d319d440de014122,4f53cda18c2baa0c0354bb5f9a3ecbe5ed12ab4d8e11ba873c2f11161202b945,0,0,[],4f53cda18c2baa0c0354bb5f9a3ecbe5ed12ab4d8e11ba873c2f11161202b945,0,PASS,real_real_wikipedia_420_360p_60f_q0_w2_dual_token,0,0,36000,0.0,0
real_wikipedia_420_360p_60f_q0,hybrid,2,[],10,96baba669d660e76b484dc18a7904a80da7bd74f8709d2a4d319d440de014122,4f53cda18c2baa0c0354bb5f9a3ecbe5ed12ab4d8e11ba873c2f11161202b945,0,0,[],4f53cda18c2baa0c0354bb5f9a3ecbe5ed12ab4d8e11ba873c2f11161202b945,0,PASS,real_real_wikipedia_420_360p_60f_q0_w2_hybrid,0,0,36000,0.0,0
real_wikipedia_420_360p_60f_q0,type_fix,8,[],10,96baba669d660e76b484dc18a7904a80da7bd74f8709d2a4d319d440de014122,4f53cda18c2baa0c0354bb5f9a3ecbe5ed12ab4d8e11ba873c2f11161202b945,0,0,[],4f53cda18c2baa0c0354bb5f9a3ecbe5ed12ab4d8e11ba873c2f11161202b945,0,PASS,real_real_wikipedia_420_360p_60f_q0_w8_type_fix,0,0,36000,0.0,0
real_wikipedia_420_360p_60f_q0,dual_token,8,[],10,96baba669d660e76b484dc18a7904a80da7bd74f8709d2a4d319d440de014122,4f53cda18c2baa0c0354bb5f9a3ecbe5ed12ab4d8e11ba873c2f11161202b945,0,0,[],4f53cda18c2baa0c0354bb5f9a3ecbe5ed12ab4d8e11ba873c2f11161202b945,0,PASS,real_real_wikipedia_420_360p_60f_q0_w8_dual_token,0,0,36000,0.0,0
real_wikipedia_420_360p_60f_q0,hybrid,8,[],10,96baba669d660e76b484dc18a7904a80da7bd74f8709d2a4d319d440de014122,4f53cda18c2baa0c0354bb5f9a3ecbe5ed12ab4d8e11ba873c2f11161202b945,0,0,[],4f53cda18c2baa0c0354bb5f9a3ecbe5ed12ab4d8e11ba873c2f11161202b945,0,PASS,real_real_wikipedia_420_360p_60f_q0_w8_hybrid,0,0,36000,0.0,0
real_wikipedia_420_360p_60f_q0,type_fix,16,[],10,96baba669d660e76b484dc18a7904a80da7bd74f8709d2a4d319d440de014122,4f53cda18c2baa0c0354bb5f9a3ecbe5ed12ab4d8e11ba873c2f11161202b945,0,0,[],4f53cda18c2baa0c0354bb5f9a3ecbe5ed12ab4d8e11ba873c2f11161202b945,0,PASS,real_real_wikipedia_420_360p_60f_q0_w16_type_fix,0,0,36000,0.0,0
real_wikipedia_420_360p_60f_q0,dual_token,16,[],10,96baba669d660e76b484dc18a7904a80da7bd74f8709d2a4d319d440de014122,4f53cda18c2baa0c0354bb5f9a3ecbe5ed12ab4d8e11ba873c2f11161202b945,0,0,[],4f53cda18c2baa0c0354bb5f9a3ecbe5ed12ab4d8e11ba873c2f11161202b945,0,PASS,real_real_wikipedia_420_360p_60f_q0_w16_dual_token,0,0,36000,0.0,0
real_wikipedia_420_360p_60f_q0,hybrid,16,[],10,96baba669d660e76b484dc18a7904a80da7bd74f8709d2a4d319d440de014122,4f53cda18c2baa0c0354bb5f9a3ecbe5ed12ab4d8e11ba873c2f11161202b945,0,0,[],4f53cda18c2baa0c0354bb5f9a3ecbe5ed12ab4d8e11ba873c2f11161202b945,0,PASS,real_real_wikipedia_420_360p_60f_q0_w16_hybrid,0,0,36000,0.0,0
real_wikipedia_420_360p_60f_q24,type_fix,2,[2],10,bd1ad03c7f131aa3e30bf4f43a7d8e3f78ddbaf2ac0527e3298fa8daa92cf62c,5144ac3b47ab49b5dd7a797a53c16d537b5a838db603174811fd114a7a5b534e,296,10063,"[[0, 0], [0, 2], [11, 0], [11, 2]]",ed7c87d6766812b8e8728abd98a3ab045d89ec73b8a1fe611ca04ab4461298c4,0,PASS,real_real_wikipedia_420_360p_60f_q24_w2_type_fix,250,9151,36000,0.25419444444444445,912
real_wikipedia_420_360p_60f_q24,dual_token,2,[2],10,bd1ad03c7f131aa3e30bf4f43a7d8e3f78ddbaf2ac0527e3298fa8daa92cf62c,5144ac3b47ab49b5dd7a797a53c16d537b5a838db603174811fd114a7a5b534e,296,10063,"[[0, 0], [0, 2], [11, 0], [11, 2]]",ed7c87d6766812b8e8728abd98a3ab045d89ec73b8a1fe611ca04ab4461298c4,0,PASS,real_real_wikipedia_420_360p_60f_q24_w2_dual_token,250,9151,36000,0.25419444444444445,912
real_wikipedia_420_360p_60f_q24,hybrid,2,[2],10,bd1ad03c7f131aa3e30bf4f43a7d8e3f78ddbaf2ac0527e3298fa8daa92cf62c,5144ac3b47ab49b5dd7a797a53c16d537b5a838db603174811fd114a7a5b534e,296,10063,"[[0, 0], [0, 2], [11, 0], [11, 2]]",ed7c87d6766812b8e8728abd98a3ab045d89ec73b8a1fe611ca04ab4461298c4,0,PASS,real_real_wikipedia_420_360p_60f_q24_w2_hybrid,250,9151,36000,0.25419444444444445,912
real_wikipedia_420_360p_60f_q24,type_fix,8,[8],10,bd1ad03c7f131aa3e30bf4f43a7d8e3f78ddbaf2ac0527e3298fa8daa92cf62c,5144ac3b47ab49b5dd7a797a53c16d537b5a838db603174811fd114a7a5b534e,296,10063,"[[0, 0], [0, 2], [11, 0], [11, 2]]",ed7c87d6766812b8e8728abd98a3ab045d89ec73b8a1fe611ca04ab4461298c4,0,PASS,real_real_wikipedia_420_360p_60f_q24_w8_type_fix,250,9151,36000,0.25419444444444445,912
real_wikipedia_420_360p_60f_q24,dual_token,8,[8],10,bd1ad03c7f131aa3e30bf4f43a7d8e3f78ddbaf2ac0527e3298fa8daa92cf62c,5144ac3b47ab49b5dd7a797a53c16d537b5a838db603174811fd114a7a5b534e,296,10063,"[[0, 0], [0, 2], [11, 0], [11, 2]]",ed7c87d6766812b8e8728abd98a3ab045d89ec73b8a1fe611ca04ab4461298c4,0,PASS,real_real_wikipedia_420_360p_60f_q24_w8_dual_token,250,9151,36000,0.25419444444444445,912
real_wikipedia_420_360p_60f_q24,hybrid,8,[8],10,bd1ad03c7f131aa3e30bf4f43a7d8e3f78ddbaf2ac0527e3298fa8daa92cf62c,5144ac3b47ab49b5dd7a797a53c16d537b5a838db603174811fd114a7a5b534e,296,10063,"[[0, 0], [0, 2], [11, 0], [11, 2]]",ed7c87d6766812b8e8728abd98a3ab045d89ec73b8a1fe611ca04ab4461298c4,0,PASS,real_real_wikipedia_420_360p_60f_q24_w8_hybrid,250,9151,36000,0.25419444444444445,912
real_wikipedia_420_360p_60f_q24,type_fix,16,[16],10,bd1ad03c7f131aa3e30bf4f43a7d8e3f78ddbaf2ac0527e3298fa8daa92cf62c,5144ac3b47ab49b5dd7a797a53c16d537b5a838db603174811fd114a7a5b534e,296,10063,"[[0, 0], [0, 2], [11, 0], [11, 2]]",ed7c87d6766812b8e8728abd98a3ab045d89ec73b8a1fe611ca04ab4461298c4,0,PASS,real_real_wikipedia_420_360p_60f_q24_w16_type_fix,250,9151,36000,0.25419444444444445,912
real_wikipedia_420_360p_60f_q24,dual_token,16,[16],10,bd1ad03c7f131aa3e30bf4f43a7d8e3f78ddbaf2ac0527e3298fa8daa92cf62c,5144ac3b47ab49b5dd7a797a53c16d537b5a838db603174811fd114a7a5b534e,296,10063,"[[0, 0], [0, 2], [11, 0], [11, 2]]",ed7c87d6766812b8e8728abd98a3ab045d89ec73b8a1fe611ca04ab4461298c4,0,PASS,real_real_wikipedia_420_360p_60f_q24_w16_dual_token,250,9151,36000,0.25419444444444445,912
real_wikipedia_420_360p_60f_q24,hybrid,16,[16],10,bd1ad03c7f131aa3e30bf4f43a7d8e3f78ddbaf2ac0527e3298fa8daa92cf62c,5144ac3b47ab49b5dd7a797a53c16d537b5a838db603174811fd114a7a5b534e,296,10063,"[[0, 0], [0, 2], [11, 0], [11, 2]]",ed7c87d6766812b8e8728abd98a3ab045d89ec73b8a1fe611ca04ab4461298c4,0,PASS,real_real_wikipedia_420_360p_60f_q24_w16_hybrid,250,9151,36000,0.25419444444444445,912
real_wikipedia_420_360p_60f_q56,type_fix,2,[2],10,9d66e406f2c6e0c9b66610f35e776d5bfbc51538d1e317bb6930e11f94235668,297519b4ce9cdc776018a81fb3dc5b51329514589e885280153568bf7cd86094,335,12933,"[[0, 0], [0, 2], [11, 0], [11, 2]]",1ca608931fc2edc679bbd39a4d04c0eeef4918ab848b2ad836b6ba8d5c812295,0,PASS,real_real_wikipedia_420_360p_60f_q56_w2_type_fix,332,12853,36000,0.3570277777777778,80
real_wikipedia_420_360p_60f_q56,dual_token,2,[2],10,9d66e406f2c6e0c9b66610f35e776d5bfbc51538d1e317bb6930e11f94235668,297519b4ce9cdc776018a81fb3dc5b51329514589e885280153568bf7cd86094,335,12933,"[[0, 0], [0, 2], [11, 0], [11, 2]]",1ca608931fc2edc679bbd39a4d04c0eeef4918ab848b2ad836b6ba8d5c812295,0,PASS,real_real_wikipedia_420_360p_60f_q56_w2_dual_token,332,12853,36000,0.3570277777777778,80
real_wikipedia_420_360p_60f_q56,hybrid,2,[2],10,9d66e406f2c6e0c9b66610f35e776d5bfbc51538d1e317bb6930e11f94235668,297519b4ce9cdc776018a81fb3dc5b51329514589e885280153568bf7cd86094,335,12933,"[[0, 0], [0, 2], [11, 0], [11, 2]]",1ca608931fc2edc679bbd39a4d04c0eeef4918ab848b2ad836b6ba8d5c812295,0,PASS,real_real_wikipedia_420_360p_60f_q56_w2_hybrid,332,12853,36000,0.3570277777777778,80
real_wikipedia_420_360p_60f_q56,type_fix,8,[8],10,9d66e406f2c6e0c9b66610f35e776d5bfbc51538d1e317bb6930e11f94235668,297519b4ce9cdc776018a81fb3dc5b51329514589e885280153568bf7cd86094,335,12933,"[[0, 0], [0, 2], [11, 0], [11, 2]]",1ca608931fc2edc679bbd39a4d04c0eeef4918ab848b2ad836b6ba8d5c812295,0,PASS,real_real_wikipedia_420_360p_60f_q56_w8_type_fix,332,12853,36000,0.3570277777777778,80
real_wikipedia_420_360p_60f_q56,dual_token,8,[8],10,9d66e406f2c6e0c9b66610f35e776d5bfbc51538d1e317bb6930e11f94235668,297519b4ce9cdc776018a81fb3dc5b51329514589e885280153568bf7cd86094,335,12933,"[[0, 0], [0, 2], [11, 0], [11, 2]]",1ca608931fc2edc679bbd39a4d04c0eeef4918ab848b2ad836b6ba8d5c812295,0,PASS,real_real_wikipedia_420_360p_60f_q56_w8_dual_token,332,12853,36000,0.3570277777777778,80
real_wikipedia_420_360p_60f_q56,hybrid,8,[8],10,9d66e406f2c6e0c9b66610f35e776d5bfbc51538d1e317bb6930e11f94235668,297519b4ce9cdc776018a81fb3dc5b51329514589e885280153568bf7cd86094,335,12933,"[[0, 0], [0, 2], [11, 0], [11, 2]]",1ca608931fc2edc679bbd39a4d04c0eeef4918ab848b2ad836b6ba8d5c812295,0,PASS,real_real_wikipedia_420_360p_60f_q56_w8_hybrid,332,12853,36000,0.3570277777777778,80
real_wikipedia_420_360p_60f_q56,type_fix,16,[16],10,9d66e406f2c6e0c9b66610f35e776d5bfbc51538d1e317bb6930e11f94235668,297519b4ce9cdc776018a81fb3dc5b51329514589e885280153568bf7cd86094,335,12933,"[[0, 0], [0, 2], [11, 0], [11, 2]]",1ca608931fc2edc679bbd39a4d04c0eeef4918ab848b2ad836b6ba8d5c812295,0,PASS,real_real_wikipedia_420_360p_60f_q56_w16_type_fix,332,12853,36000,0.3570277777777778,80
real_wikipedia_420_360p_60f_q56,dual_token,16,[16],10,9d66e406f2c6e0c9b66610f35e776d5bfbc51538d1e317bb6930e11f94235668,297519b4ce9cdc776018a81fb3dc5b51329514589e885280153568bf7cd86094,335,12933,"[[0, 0], [0, 2], [11, 0], [11, 2]]",1ca608931fc2edc679bbd39a4d04c0eeef4918ab848b2ad836b6ba8d5c812295,0,PASS,real_real_wikipedia_420_360p_60f_q56_w16_dual_token,332,12853,36000,0.3570277777777778,80
real_wikipedia_420_360p_60f_q56,hybrid,16,[16],10,9d66e406f2c6e0c9b66610f35e776d5bfbc51538d1e317bb6930e11f94235668,297519b4ce9cdc776018a81fb3dc5b51329514589e885280153568bf7cd86094,335,12933,"[[0, 0], [0, 2], [11, 0], [11, 2]]",1ca608931fc2edc679bbd39a4d04c0eeef4918ab848b2ad836b6ba8d5c812295,0,PASS,real_real_wikipedia_420_360p_60f_q56_w16_hybrid,332,12853,36000,0.3570277777777778,80
