cell_id,variant,exit_code,decode_ns,pixel_sha256,command_log
0,type_fix,0,98958000,5b240bade583b6108c28e7111a10ab6e4344840f2037644f17398993f180e001,timing_warm_c0_type_fix
0,dual_token,0,99075000,5b240bade583b6108c28e7111a10ab6e4344840f2037644f17398993f180e001,timing_warm_c0_dual_token
0,hybrid,0,99093000,5b240bade583b6108c28e7111a10ab6e4344840f2037644f17398993f180e001,timing_warm_c0_hybrid
1,type_fix,0,63718000,5b240bade583b6108c28e7111a10ab6e4344840f2037644f17398993f180e001,timing_warm_c1_type_fix
1,dual_token,0,65442000,5b240bade583b6108c28e7111a10ab6e4344840f2037644f17398993f180e001,timing_warm_c1_dual_token
1,hybrid,0,65449000,5b240bade583b6108c28e7111a10ab6e4344840f2037644f17398993f180e001,timing_warm_c1_hybrid
2,type_fix,0,64222000,5b240bade583b6108c28e7111a10ab6e4344840f2037644f17398993f180e001,timing_warm_c2_type_fix
2,dual_token,0,64558000,5b240bade583b6108c28e7111a10ab6e4344840f2037644f17398993f180e001,timing_warm_c2_dual_token
2,hybrid,0,64120000,5b240bade583b6108c28e7111a10ab6e4344840f2037644f17398993f180e001,timing_warm_c2_hybrid
3,type_fix,0,387115000,7043f1c7f5acb5e07e6a59ab9b785b85a1816f7dc06a2f9139765c0065bd686f,timing_warm_c3_type_fix
3,dual_token,0,386863000,7043f1c7f5acb5e07e6a59ab9b785b85a1816f7dc06a2f9139765c0065bd686f,timing_warm_c3_dual_token
3,hybrid,0,386287000,7043f1c7f5acb5e07e6a59ab9b785b85a1816f7dc06a2f9139765c0065bd686f,timing_warm_c3_hybrid
4,type_fix,0,230127000,7043f1c7f5acb5e07e6a59ab9b785b85a1816f7dc06a2f9139765c0065bd686f,timing_warm_c4_type_fix
4,dual_token,0,230485000,7043f1c7f5acb5e07e6a59ab9b785b85a1816f7dc06a2f9139765c0065bd686f,timing_warm_c4_dual_token
4,hybrid,0,229353000,7043f1c7f5acb5e07e6a59ab9b785b85a1816f7dc06a2f9139765c0065bd686f,timing_warm_c4_hybrid
5,type_fix,0,221598000,7043f1c7f5acb5e07e6a59ab9b785b85a1816f7dc06a2f9139765c0065bd686f,timing_warm_c5_type_fix
5,dual_token,0,222688000,7043f1c7f5acb5e07e6a59ab9b785b85a1816f7dc06a2f9139765c0065bd686f,timing_warm_c5_dual_token
5,hybrid,0,220721000,7043f1c7f5acb5e07e6a59ab9b785b85a1816f7dc06a2f9139765c0065bd686f,timing_warm_c5_hybrid
6,type_fix,0,477821000,0831d2c97efdf0a5debc5f95e271f976cda71c92becc1b043e09c63df573fdb7,timing_warm_c6_type_fix
6,dual_token,0,481901000,0831d2c97efdf0a5debc5f95e271f976cda71c92becc1b043e09c63df573fdb7,timing_warm_c6_dual_token
6,hybrid,0,481734000,0831d2c97efdf0a5debc5f95e271f976cda71c92becc1b043e09c63df573fdb7,timing_warm_c6_hybrid
7,type_fix,0,423017000,0831d2c97efdf0a5debc5f95e271f976cda71c92becc1b043e09c63df573fdb7,timing_warm_c7_type_fix
7,dual_token,0,423882000,0831d2c97efdf0a5debc5f95e271f976cda71c92becc1b043e09c63df573fdb7,timing_warm_c7_dual_token
7,hybrid,0,423885000,0831d2c97efdf0a5debc5f95e271f976cda71c92becc1b043e09c63df573fdb7,timing_warm_c7_hybrid
8,type_fix,0,420782000,0831d2c97efdf0a5debc5f95e271f976cda71c92becc1b043e09c63df573fdb7,timing_warm_c8_type_fix
8,dual_token,0,422116000,0831d2c97efdf0a5debc5f95e271f976cda71c92becc1b043e09c63df573fdb7,timing_warm_c8_dual_token
8,hybrid,0,422547000,0831d2c97efdf0a5debc5f95e271f976cda71c92becc1b043e09c63df573fdb7,timing_warm_c8_hybrid
9,type_fix,0,1872938000,2d3d6be11ce1bf83660c4faf1412661bbfdf072e47bae39c4a1cc4f2e70b3fbb,timing_warm_c9_type_fix
9,dual_token,0,1880495000,2d3d6be11ce1bf83660c4faf1412661bbfdf072e47bae39c4a1cc4f2e70b3fbb,timing_warm_c9_dual_token
9,hybrid,0,1879906000,2d3d6be11ce1bf83660c4faf1412661bbfdf072e47bae39c4a1cc4f2e70b3fbb,timing_warm_c9_hybrid
10,type_fix,0,1638999000,2d3d6be11ce1bf83660c4faf1412661bbfdf072e47bae39c4a1cc4f2e70b3fbb,timing_warm_c10_type_fix
10,dual_token,0,1647264000,2d3d6be11ce1bf83660c4faf1412661bbfdf072e47bae39c4a1cc4f2e70b3fbb,timing_warm_c10_dual_token
10,hybrid,0,1641388000,2d3d6be11ce1bf83660c4faf1412661bbfdf072e47bae39c4a1cc4f2e70b3fbb,timing_warm_c10_hybrid
11,type_fix,0,1628623000,2d3d6be11ce1bf83660c4faf1412661bbfdf072e47bae39c4a1cc4f2e70b3fbb,timing_warm_c11_type_fix
11,dual_token,0,1640998000,2d3d6be11ce1bf83660c4faf1412661bbfdf072e47bae39c4a1cc4f2e70b3fbb,timing_warm_c11_dual_token
11,hybrid,0,1636118000,2d3d6be11ce1bf83660c4faf1412661bbfdf072e47bae39c4a1cc4f2e70b3fbb,timing_warm_c11_hybrid
12,type_fix,0,534391000,c08ef6260ad5c1e5e0e17e67132a1af330ac18ed3580cbf26d5403f2fa01d102,timing_warm_c12_type_fix
12,dual_token,0,538336000,c08ef6260ad5c1e5e0e17e67132a1af330ac18ed3580cbf26d5403f2fa01d102,timing_warm_c12_dual_token
12,hybrid,0,536220000,c08ef6260ad5c1e5e0e17e67132a1af330ac18ed3580cbf26d5403f2fa01d102,timing_warm_c12_hybrid
13,type_fix,0,510732000,c08ef6260ad5c1e5e0e17e67132a1af330ac18ed3580cbf26d5403f2fa01d102,timing_warm_c13_type_fix
13,dual_token,0,511588000,c08ef6260ad5c1e5e0e17e67132a1af330ac18ed3580cbf26d5403f2fa01d102,timing_warm_c13_dual_token
13,hybrid,0,514738000,c08ef6260ad5c1e5e0e17e67132a1af330ac18ed3580cbf26d5403f2fa01d102,timing_warm_c13_hybrid
14,type_fix,0,509751000,c08ef6260ad5c1e5e0e17e67132a1af330ac18ed3580cbf26d5403f2fa01d102,timing_warm_c14_type_fix
14,dual_token,0,512192000,c08ef6260ad5c1e5e0e17e67132a1af330ac18ed3580cbf26d5403f2fa01d102,timing_warm_c14_dual_token
14,hybrid,0,509939000,c08ef6260ad5c1e5e0e17e67132a1af330ac18ed3580cbf26d5403f2fa01d102,timing_warm_c14_hybrid
15,type_fix,0,2119596000,2aec47e05c3b8514915af2cb0d4b3f43878b8a0bff9e8cfe4cb501c3a509f061,timing_warm_c15_type_fix
15,dual_token,0,2123183000,2aec47e05c3b8514915af2cb0d4b3f43878b8a0bff9e8cfe4cb501c3a509f061,timing_warm_c15_dual_token
15,hybrid,0,2123452000,2aec47e05c3b8514915af2cb0d4b3f43878b8a0bff9e8cfe4cb501c3a509f061,timing_warm_c15_hybrid
16,type_fix,0,2019726000,2aec47e05c3b8514915af2cb0d4b3f43878b8a0bff9e8cfe4cb501c3a509f061,timing_warm_c16_type_fix
16,dual_token,0,2031304000,2aec47e05c3b8514915af2cb0d4b3f43878b8a0bff9e8cfe4cb501c3a509f061,timing_warm_c16_dual_token
16,hybrid,0,2028545000,2aec47e05c3b8514915af2cb0d4b3f43878b8a0bff9e8cfe4cb501c3a509f061,timing_warm_c16_hybrid
17,type_fix,0,2021748000,2aec47e05c3b8514915af2cb0d4b3f43878b8a0bff9e8cfe4cb501c3a509f061,timing_warm_c17_type_fix
17,dual_token,0,2026175000,2aec47e05c3b8514915af2cb0d4b3f43878b8a0bff9e8cfe4cb501c3a509f061,timing_warm_c17_dual_token
17,hybrid,0,2028270000,2aec47e05c3b8514915af2cb0d4b3f43878b8a0bff9e8cfe4cb501c3a509f061,timing_warm_c17_hybrid
