cell_id,variant,actual_W,cdef_frames,activation_calls,nonzero_strength_calls,pixel_sha256,copy_sha256,status,command_log
0,type_fix,[2],17,25796,25701,5b240bade583b6108c28e7111a10ab6e4344840f2037644f17398993f180e001,ed5e44992a74ebfaa3ab6dbc59f2a6b401e25f10f17d2c102151071be7d3273f,PASS,timing_audit_c0_type_fix
0,dual_token,[2],17,25796,25701,5b240bade583b6108c28e7111a10ab6e4344840f2037644f17398993f180e001,ed5e44992a74ebfaa3ab6dbc59f2a6b401e25f10f17d2c102151071be7d3273f,PASS,timing_audit_c0_dual_token
0,hybrid,[2],17,25796,25701,5b240bade583b6108c28e7111a10ab6e4344840f2037644f17398993f180e001,ed5e44992a74ebfaa3ab6dbc59f2a6b401e25f10f17d2c102151071be7d3273f,PASS,timing_audit_c0_hybrid
1,type_fix,[8],17,25796,25701,5b240bade583b6108c28e7111a10ab6e4344840f2037644f17398993f180e001,ed5e44992a74ebfaa3ab6dbc59f2a6b401e25f10f17d2c102151071be7d3273f,PASS,timing_audit_c1_type_fix
1,dual_token,[8],17,25796,25701,5b240bade583b6108c28e7111a10ab6e4344840f2037644f17398993f180e001,ed5e44992a74ebfaa3ab6dbc59f2a6b401e25f10f17d2c102151071be7d3273f,PASS,timing_audit_c1_dual_token
1,hybrid,[8],17,25796,25701,5b240bade583b6108c28e7111a10ab6e4344840f2037644f17398993f180e001,ed5e44992a74ebfaa3ab6dbc59f2a6b401e25f10f17d2c102151071be7d3273f,PASS,timing_audit_c1_hybrid
2,type_fix,[16],17,25796,25701,5b240bade583b6108c28e7111a10ab6e4344840f2037644f17398993f180e001,ed5e44992a74ebfaa3ab6dbc59f2a6b401e25f10f17d2c102151071be7d3273f,PASS,timing_audit_c2_type_fix
2,dual_token,[16],17,25796,25701,5b240bade583b6108c28e7111a10ab6e4344840f2037644f17398993f180e001,ed5e44992a74ebfaa3ab6dbc59f2a6b401e25f10f17d2c102151071be7d3273f,PASS,timing_audit_c2_dual_token
2,hybrid,[16],17,25796,25701,5b240bade583b6108c28e7111a10ab6e4344840f2037644f17398993f180e001,ed5e44992a74ebfaa3ab6dbc59f2a6b401e25f10f17d2c102151071be7d3273f,PASS,timing_audit_c2_hybrid
3,type_fix,[2],17,103266,103110,7043f1c7f5acb5e07e6a59ab9b785b85a1816f7dc06a2f9139765c0065bd686f,484812c76c1bfb2920ecdb7010ea917d5025f3796c6d58e3f0faaea1e423b9c2,PASS,timing_audit_c3_type_fix
3,dual_token,[2],17,103266,103110,7043f1c7f5acb5e07e6a59ab9b785b85a1816f7dc06a2f9139765c0065bd686f,484812c76c1bfb2920ecdb7010ea917d5025f3796c6d58e3f0faaea1e423b9c2,PASS,timing_audit_c3_dual_token
3,hybrid,[2],17,103266,103110,7043f1c7f5acb5e07e6a59ab9b785b85a1816f7dc06a2f9139765c0065bd686f,484812c76c1bfb2920ecdb7010ea917d5025f3796c6d58e3f0faaea1e423b9c2,PASS,timing_audit_c3_hybrid
4,type_fix,[8],17,103266,103110,7043f1c7f5acb5e07e6a59ab9b785b85a1816f7dc06a2f9139765c0065bd686f,484812c76c1bfb2920ecdb7010ea917d5025f3796c6d58e3f0faaea1e423b9c2,PASS,timing_audit_c4_type_fix
4,dual_token,[8],17,103266,103110,7043f1c7f5acb5e07e6a59ab9b785b85a1816f7dc06a2f9139765c0065bd686f,484812c76c1bfb2920ecdb7010ea917d5025f3796c6d58e3f0faaea1e423b9c2,PASS,timing_audit_c4_dual_token
4,hybrid,[8],17,103266,103110,7043f1c7f5acb5e07e6a59ab9b785b85a1816f7dc06a2f9139765c0065bd686f,484812c76c1bfb2920ecdb7010ea917d5025f3796c6d58e3f0faaea1e423b9c2,PASS,timing_audit_c4_hybrid
5,type_fix,[16],17,103266,103110,7043f1c7f5acb5e07e6a59ab9b785b85a1816f7dc06a2f9139765c0065bd686f,484812c76c1bfb2920ecdb7010ea917d5025f3796c6d58e3f0faaea1e423b9c2,PASS,timing_audit_c5_type_fix
5,dual_token,[16],17,103266,103110,7043f1c7f5acb5e07e6a59ab9b785b85a1816f7dc06a2f9139765c0065bd686f,484812c76c1bfb2920ecdb7010ea917d5025f3796c6d58e3f0faaea1e423b9c2,PASS,timing_audit_c5_dual_token
5,hybrid,[16],17,103266,103110,7043f1c7f5acb5e07e6a59ab9b785b85a1816f7dc06a2f9139765c0065bd686f,484812c76c1bfb2920ecdb7010ea917d5025f3796c6d58e3f0faaea1e423b9c2,PASS,timing_audit_c5_hybrid
6,type_fix,[2],17,24418,24418,0831d2c97efdf0a5debc5f95e271f976cda71c92becc1b043e09c63df573fdb7,6eb6f2b1c8cd69268f18044c5654d5c017f4cd9bba4e535fd2285b182db66c7c,PASS,timing_audit_c6_type_fix
6,dual_token,[2],17,24418,24418,0831d2c97efdf0a5debc5f95e271f976cda71c92becc1b043e09c63df573fdb7,6eb6f2b1c8cd69268f18044c5654d5c017f4cd9bba4e535fd2285b182db66c7c,PASS,timing_audit_c6_dual_token
6,hybrid,[2],17,24418,24418,0831d2c97efdf0a5debc5f95e271f976cda71c92becc1b043e09c63df573fdb7,6eb6f2b1c8cd69268f18044c5654d5c017f4cd9bba4e535fd2285b182db66c7c,PASS,timing_audit_c6_hybrid
7,type_fix,[8],17,24418,24418,0831d2c97efdf0a5debc5f95e271f976cda71c92becc1b043e09c63df573fdb7,6eb6f2b1c8cd69268f18044c5654d5c017f4cd9bba4e535fd2285b182db66c7c,PASS,timing_audit_c7_type_fix
7,dual_token,[8],17,24418,24418,0831d2c97efdf0a5debc5f95e271f976cda71c92becc1b043e09c63df573fdb7,6eb6f2b1c8cd69268f18044c5654d5c017f4cd9bba4e535fd2285b182db66c7c,PASS,timing_audit_c7_dual_token
7,hybrid,[8],17,24418,24418,0831d2c97efdf0a5debc5f95e271f976cda71c92becc1b043e09c63df573fdb7,6eb6f2b1c8cd69268f18044c5654d5c017f4cd9bba4e535fd2285b182db66c7c,PASS,timing_audit_c7_hybrid
8,type_fix,[16],17,24418,24418,0831d2c97efdf0a5debc5f95e271f976cda71c92becc1b043e09c63df573fdb7,6eb6f2b1c8cd69268f18044c5654d5c017f4cd9bba4e535fd2285b182db66c7c,PASS,timing_audit_c8_type_fix
8,dual_token,[16],17,24418,24418,0831d2c97efdf0a5debc5f95e271f976cda71c92becc1b043e09c63df573fdb7,6eb6f2b1c8cd69268f18044c5654d5c017f4cd9bba4e535fd2285b182db66c7c,PASS,timing_audit_c8_dual_token
8,hybrid,[16],17,24418,24418,0831d2c97efdf0a5debc5f95e271f976cda71c92becc1b043e09c63df573fdb7,6eb6f2b1c8cd69268f18044c5654d5c017f4cd9bba4e535fd2285b182db66c7c,PASS,timing_audit_c8_hybrid
9,type_fix,[2],17,97354,97354,2d3d6be11ce1bf83660c4faf1412661bbfdf072e47bae39c4a1cc4f2e70b3fbb,a308274fdadd9bdcd633628f074a82e0ff81ab5bf02f18ec9e499b43e349ca9f,PASS,timing_audit_c9_type_fix
9,dual_token,[2],17,97354,97354,2d3d6be11ce1bf83660c4faf1412661bbfdf072e47bae39c4a1cc4f2e70b3fbb,a308274fdadd9bdcd633628f074a82e0ff81ab5bf02f18ec9e499b43e349ca9f,PASS,timing_audit_c9_dual_token
9,hybrid,[2],17,97354,97354,2d3d6be11ce1bf83660c4faf1412661bbfdf072e47bae39c4a1cc4f2e70b3fbb,a308274fdadd9bdcd633628f074a82e0ff81ab5bf02f18ec9e499b43e349ca9f,PASS,timing_audit_c9_hybrid
10,type_fix,[8],17,97354,97354,2d3d6be11ce1bf83660c4faf1412661bbfdf072e47bae39c4a1cc4f2e70b3fbb,a308274fdadd9bdcd633628f074a82e0ff81ab5bf02f18ec9e499b43e349ca9f,PASS,timing_audit_c10_type_fix
10,dual_token,[8],17,97354,97354,2d3d6be11ce1bf83660c4faf1412661bbfdf072e47bae39c4a1cc4f2e70b3fbb,a308274fdadd9bdcd633628f074a82e0ff81ab5bf02f18ec9e499b43e349ca9f,PASS,timing_audit_c10_dual_token
10,hybrid,[8],17,97354,97354,2d3d6be11ce1bf83660c4faf1412661bbfdf072e47bae39c4a1cc4f2e70b3fbb,a308274fdadd9bdcd633628f074a82e0ff81ab5bf02f18ec9e499b43e349ca9f,PASS,timing_audit_c10_hybrid
11,type_fix,[16],17,97354,97354,2d3d6be11ce1bf83660c4faf1412661bbfdf072e47bae39c4a1cc4f2e70b3fbb,a308274fdadd9bdcd633628f074a82e0ff81ab5bf02f18ec9e499b43e349ca9f,PASS,timing_audit_c11_type_fix
11,dual_token,[16],17,97354,97354,2d3d6be11ce1bf83660c4faf1412661bbfdf072e47bae39c4a1cc4f2e70b3fbb,a308274fdadd9bdcd633628f074a82e0ff81ab5bf02f18ec9e499b43e349ca9f,PASS,timing_audit_c11_dual_token
11,hybrid,[16],17,97354,97354,2d3d6be11ce1bf83660c4faf1412661bbfdf072e47bae39c4a1cc4f2e70b3fbb,a308274fdadd9bdcd633628f074a82e0ff81ab5bf02f18ec9e499b43e349ca9f,PASS,timing_audit_c11_hybrid
12,type_fix,[2],2,3060,3060,c08ef6260ad5c1e5e0e17e67132a1af330ac18ed3580cbf26d5403f2fa01d102,83f0132c5d4eb5ed3ad04bd9c7afe6a5f30b171260edc5f8f57c636523825876,PASS,timing_audit_c12_type_fix
12,dual_token,[2],2,3060,3060,c08ef6260ad5c1e5e0e17e67132a1af330ac18ed3580cbf26d5403f2fa01d102,83f0132c5d4eb5ed3ad04bd9c7afe6a5f30b171260edc5f8f57c636523825876,PASS,timing_audit_c12_dual_token
12,hybrid,[2],2,3060,3060,c08ef6260ad5c1e5e0e17e67132a1af330ac18ed3580cbf26d5403f2fa01d102,83f0132c5d4eb5ed3ad04bd9c7afe6a5f30b171260edc5f8f57c636523825876,PASS,timing_audit_c12_hybrid
13,type_fix,[8],2,3060,3060,c08ef6260ad5c1e5e0e17e67132a1af330ac18ed3580cbf26d5403f2fa01d102,83f0132c5d4eb5ed3ad04bd9c7afe6a5f30b171260edc5f8f57c636523825876,PASS,timing_audit_c13_type_fix
13,dual_token,[8],2,3060,3060,c08ef6260ad5c1e5e0e17e67132a1af330ac18ed3580cbf26d5403f2fa01d102,83f0132c5d4eb5ed3ad04bd9c7afe6a5f30b171260edc5f8f57c636523825876,PASS,timing_audit_c13_dual_token
13,hybrid,[8],2,3060,3060,c08ef6260ad5c1e5e0e17e67132a1af330ac18ed3580cbf26d5403f2fa01d102,83f0132c5d4eb5ed3ad04bd9c7afe6a5f30b171260edc5f8f57c636523825876,PASS,timing_audit_c13_hybrid
14,type_fix,[16],2,3060,3060,c08ef6260ad5c1e5e0e17e67132a1af330ac18ed3580cbf26d5403f2fa01d102,83f0132c5d4eb5ed3ad04bd9c7afe6a5f30b171260edc5f8f57c636523825876,PASS,timing_audit_c14_type_fix
14,dual_token,[16],2,3060,3060,c08ef6260ad5c1e5e0e17e67132a1af330ac18ed3580cbf26d5403f2fa01d102,83f0132c5d4eb5ed3ad04bd9c7afe6a5f30b171260edc5f8f57c636523825876,PASS,timing_audit_c14_dual_token
14,hybrid,[16],2,3060,3060,c08ef6260ad5c1e5e0e17e67132a1af330ac18ed3580cbf26d5403f2fa01d102,83f0132c5d4eb5ed3ad04bd9c7afe6a5f30b171260edc5f8f57c636523825876,PASS,timing_audit_c14_hybrid
15,type_fix,[2],2,12240,12240,2aec47e05c3b8514915af2cb0d4b3f43878b8a0bff9e8cfe4cb501c3a509f061,f8cc0f279595c34ee9c463d7c068222186d0903784ee99997a54573a89517318,PASS,timing_audit_c15_type_fix
15,dual_token,[2],2,12240,12240,2aec47e05c3b8514915af2cb0d4b3f43878b8a0bff9e8cfe4cb501c3a509f061,f8cc0f279595c34ee9c463d7c068222186d0903784ee99997a54573a89517318,PASS,timing_audit_c15_dual_token
15,hybrid,[2],2,12240,12240,2aec47e05c3b8514915af2cb0d4b3f43878b8a0bff9e8cfe4cb501c3a509f061,f8cc0f279595c34ee9c463d7c068222186d0903784ee99997a54573a89517318,PASS,timing_audit_c15_hybrid
16,type_fix,[8],2,12240,12240,2aec47e05c3b8514915af2cb0d4b3f43878b8a0bff9e8cfe4cb501c3a509f061,f8cc0f279595c34ee9c463d7c068222186d0903784ee99997a54573a89517318,PASS,timing_audit_c16_type_fix
16,dual_token,[8],2,12240,12240,2aec47e05c3b8514915af2cb0d4b3f43878b8a0bff9e8cfe4cb501c3a509f061,f8cc0f279595c34ee9c463d7c068222186d0903784ee99997a54573a89517318,PASS,timing_audit_c16_dual_token
16,hybrid,[8],2,12240,12240,2aec47e05c3b8514915af2cb0d4b3f43878b8a0bff9e8cfe4cb501c3a509f061,f8cc0f279595c34ee9c463d7c068222186d0903784ee99997a54573a89517318,PASS,timing_audit_c16_hybrid
17,type_fix,[16],2,12240,12240,2aec47e05c3b8514915af2cb0d4b3f43878b8a0bff9e8cfe4cb501c3a509f061,f8cc0f279595c34ee9c463d7c068222186d0903784ee99997a54573a89517318,PASS,timing_audit_c17_type_fix
17,dual_token,[16],2,12240,12240,2aec47e05c3b8514915af2cb0d4b3f43878b8a0bff9e8cfe4cb501c3a509f061,f8cc0f279595c34ee9c463d7c068222186d0903784ee99997a54573a89517318,PASS,timing_audit_c17_dual_token
17,hybrid,[16],2,12240,12240,2aec47e05c3b8514915af2cb0d4b3f43878b8a0bff9e8cfe4cb501c3a509f061,f8cc0f279595c34ee9c463d7c068222186d0903784ee99997a54573a89517318,PASS,timing_audit_c17_hybrid
