category,profile,group,shard,exit_code,tests,failed,skipped,disabled,status,command_log
upstream,release,core,0,0,52,0,0,0,PASS,upstream_release_core_s0
upstream,release,core,1,0,52,0,0,0,PASS,upstream_release_core_s1
upstream,release,core,2,0,52,0,0,0,PASS,upstream_release_core_s2
upstream,release,core,3,0,52,0,0,0,PASS,upstream_release_core_s3
upstream,debug,core,0,0,52,0,0,0,PASS,upstream_debug_core_s0
upstream,debug,core,1,0,52,0,0,0,PASS,upstream_debug_core_s1
upstream,debug,core,2,0,52,0,0,0,PASS,upstream_debug_core_s2
upstream,debug,core,3,0,52,0,0,0,PASS,upstream_debug_core_s3
upstream,asan,core,0,0,52,0,0,0,PASS,upstream_asan_core_s0
upstream,asan,core,1,0,52,0,0,0,PASS,upstream_asan_core_s1
upstream,asan,core,2,0,52,0,0,0,PASS,upstream_asan_core_s2
upstream,asan,core,3,0,52,0,0,0,PASS,upstream_asan_core_s3
upstream,tsan,core,0,0,52,0,0,0,PASS,upstream_tsan_core_s0
upstream,tsan,core,1,0,52,0,0,0,PASS,upstream_tsan_core_s1
upstream,tsan,core,2,0,52,0,0,0,PASS,upstream_tsan_core_s2
upstream,tsan,core,3,0,52,0,0,0,PASS,upstream_tsan_core_s3
upstream,release,conformance,0,0,975,0,0,0,PASS,upstream_release_conformance_s0
upstream,release,conformance,1,0,975,0,0,0,PASS,upstream_release_conformance_s1
upstream,release,conformance,2,0,975,0,0,0,PASS,upstream_release_conformance_s2
upstream,release,conformance,3,0,974,0,0,0,PASS,upstream_release_conformance_s3
upstream,asan,conformance,0,0,975,0,0,0,PASS,upstream_asan_conformance_s0
upstream,asan,conformance,1,0,975,0,0,0,PASS,upstream_asan_conformance_s1
upstream,asan,conformance,2,0,975,0,0,0,PASS,upstream_asan_conformance_s2
upstream,asan,conformance,3,0,974,0,0,0,PASS,upstream_asan_conformance_s3
upstream,tsan,conformance,0,0,975,0,0,0,PASS,upstream_tsan_conformance_s0
upstream,tsan,conformance,1,0,975,0,0,0,PASS,upstream_tsan_conformance_s1
upstream,tsan,conformance,2,0,975,0,0,0,PASS,upstream_tsan_conformance_s2
upstream,tsan,conformance,3,0,974,0,0,0,PASS,upstream_tsan_conformance_s3
upstream,release,row_tiles,0,0,127,0,0,0,PASS,upstream_release_row_tiles_s0
upstream,release,row_tiles,1,0,127,0,0,0,PASS,upstream_release_row_tiles_s1
upstream,release,row_tiles,2,0,127,0,0,0,PASS,upstream_release_row_tiles_s2
upstream,release,row_tiles,3,0,127,0,0,0,PASS,upstream_release_row_tiles_s3
upstream,release,resize_error,0,0,97,0,0,0,PASS,upstream_release_resize_error_s0
upstream,release,resize_error,1,0,98,0,1,1,INCOMPLETE,upstream_release_resize_error_s1
upstream,release,resize_error,2,0,97,0,1,1,INCOMPLETE,upstream_release_resize_error_s2
upstream,release,resize_error,3,0,97,0,1,1,INCOMPLETE,upstream_release_resize_error_s3
