kind,workload,threads,cell,repetition,order,A_ns,B_ns,ratio,pixel_sha256
primary,timing_waves_1920x1080,2,0,-1,BA,100709000,100830000,1.001201481496192,5b240bade583b6108c28e7111a10ab6e4344840f2037644f17398993f180e001
primary,timing_waves_1920x1080,2,0,0,AB,100711000,100354000,0.996455203503093,5b240bade583b6108c28e7111a10ab6e4344840f2037644f17398993f180e001
primary,timing_waves_1920x1080,2,0,1,BA,101085000,100889000,0.9980610377405154,5b240bade583b6108c28e7111a10ab6e4344840f2037644f17398993f180e001
primary,timing_waves_1920x1080,2,0,2,AB,100842000,100005000,0.9916998869518653,5b240bade583b6108c28e7111a10ab6e4344840f2037644f17398993f180e001
primary,timing_waves_1920x1080,2,0,3,BA,100546000,100606000,1.0005967417898276,5b240bade583b6108c28e7111a10ab6e4344840f2037644f17398993f180e001
primary,timing_waves_1920x1080,2,0,4,AB,102293000,102569000,1.002698131836978,5b240bade583b6108c28e7111a10ab6e4344840f2037644f17398993f180e001
primary,timing_waves_1920x1080,2,0,5,BA,100808000,102221000,1.0140167447028015,5b240bade583b6108c28e7111a10ab6e4344840f2037644f17398993f180e001
primary,timing_waves_1920x1080,2,0,6,AB,100878000,101404000,1.005214219155812,5b240bade583b6108c28e7111a10ab6e4344840f2037644f17398993f180e001
primary,timing_waves_1920x1080,2,0,7,BA,101084000,100809000,0.9972794903248783,5b240bade583b6108c28e7111a10ab6e4344840f2037644f17398993f180e001
primary,timing_waves_1920x1080,2,0,8,AB,101306000,101110000,0.9980652676050776,5b240bade583b6108c28e7111a10ab6e4344840f2037644f17398993f180e001
primary,timing_waves_1920x1080,2,0,9,BA,101473000,100328000,0.9887162102234092,5b240bade583b6108c28e7111a10ab6e4344840f2037644f17398993f180e001
primary,timing_waves_1920x1080,2,0,10,AB,101343000,100245000,0.9891655072377964,5b240bade583b6108c28e7111a10ab6e4344840f2037644f17398993f180e001
primary,timing_waves_1920x1080,2,0,11,BA,101649000,102204000,1.0054599651742762,5b240bade583b6108c28e7111a10ab6e4344840f2037644f17398993f180e001
primary,timing_waves_1920x1080,8,1,-1,AB,66569000,66760000,1.002869203382956,5b240bade583b6108c28e7111a10ab6e4344840f2037644f17398993f180e001
primary,timing_waves_1920x1080,8,1,0,BA,66200000,66667000,1.0070543806646526,5b240bade583b6108c28e7111a10ab6e4344840f2037644f17398993f180e001
primary,timing_waves_1920x1080,8,1,1,AB,67581000,66154000,0.9788845977419689,5b240bade583b6108c28e7111a10ab6e4344840f2037644f17398993f180e001
primary,timing_waves_1920x1080,8,1,2,BA,66479000,66340000,0.9979091141563501,5b240bade583b6108c28e7111a10ab6e4344840f2037644f17398993f180e001
primary,timing_waves_1920x1080,8,1,3,AB,66537000,66832000,1.0044336233975082,5b240bade583b6108c28e7111a10ab6e4344840f2037644f17398993f180e001
primary,timing_waves_1920x1080,8,1,4,BA,66441000,67904000,1.0220195361297995,5b240bade583b6108c28e7111a10ab6e4344840f2037644f17398993f180e001
primary,timing_waves_1920x1080,8,1,5,AB,66745000,66436000,0.9953704397333134,5b240bade583b6108c28e7111a10ab6e4344840f2037644f17398993f180e001
primary,timing_waves_1920x1080,8,1,6,BA,67006000,65992000,0.9848670268334179,5b240bade583b6108c28e7111a10ab6e4344840f2037644f17398993f180e001
primary,timing_waves_1920x1080,8,1,7,AB,67727000,67167000,0.9917315103282295,5b240bade583b6108c28e7111a10ab6e4344840f2037644f17398993f180e001
primary,timing_waves_1920x1080,8,1,8,BA,66576000,67268000,1.010394136024994,5b240bade583b6108c28e7111a10ab6e4344840f2037644f17398993f180e001
primary,timing_waves_1920x1080,8,1,9,AB,66586000,66556000,0.9995494548403568,5b240bade583b6108c28e7111a10ab6e4344840f2037644f17398993f180e001
primary,timing_waves_1920x1080,8,1,10,BA,66322000,66751000,1.0064684418443353,5b240bade583b6108c28e7111a10ab6e4344840f2037644f17398993f180e001
primary,timing_waves_1920x1080,8,1,11,AB,67266000,66461000,0.9880325870424881,5b240bade583b6108c28e7111a10ab6e4344840f2037644f17398993f180e001
primary,timing_waves_1920x1080,16,2,-1,BA,64884000,64447000,0.9932649035201282,5b240bade583b6108c28e7111a10ab6e4344840f2037644f17398993f180e001
primary,timing_waves_1920x1080,16,2,0,AB,64625000,65208000,1.0090212765957447,5b240bade583b6108c28e7111a10ab6e4344840f2037644f17398993f180e001
primary,timing_waves_1920x1080,16,2,1,BA,65594000,65195000,0.9939171265664543,5b240bade583b6108c28e7111a10ab6e4344840f2037644f17398993f180e001
primary,timing_waves_1920x1080,16,2,2,AB,64576000,64665000,1.001378221010902,5b240bade583b6108c28e7111a10ab6e4344840f2037644f17398993f180e001
primary,timing_waves_1920x1080,16,2,3,BA,64421000,64656000,1.0036478787972867,5b240bade583b6108c28e7111a10ab6e4344840f2037644f17398993f180e001
primary,timing_waves_1920x1080,16,2,4,AB,64174000,64271000,1.001511515567052,5b240bade583b6108c28e7111a10ab6e4344840f2037644f17398993f180e001
primary,timing_waves_1920x1080,16,2,5,BA,64516000,64496000,0.9996899993799988,5b240bade583b6108c28e7111a10ab6e4344840f2037644f17398993f180e001
primary,timing_waves_1920x1080,16,2,6,AB,64562000,64188000,0.9942071187385769,5b240bade583b6108c28e7111a10ab6e4344840f2037644f17398993f180e001
primary,timing_waves_1920x1080,16,2,7,BA,63982000,64882000,1.0140664561908037,5b240bade583b6108c28e7111a10ab6e4344840f2037644f17398993f180e001
primary,timing_waves_1920x1080,16,2,8,AB,64411000,64474000,1.0009780938038533,5b240bade583b6108c28e7111a10ab6e4344840f2037644f17398993f180e001
primary,timing_waves_1920x1080,16,2,9,BA,65083000,64523000,0.9913956025382973,5b240bade583b6108c28e7111a10ab6e4344840f2037644f17398993f180e001
primary,timing_waves_1920x1080,16,2,10,AB,64674000,66590000,1.0296255063858737,5b240bade583b6108c28e7111a10ab6e4344840f2037644f17398993f180e001
primary,timing_waves_1920x1080,16,2,11,BA,64824000,64895000,1.0010952733555474,5b240bade583b6108c28e7111a10ab6e4344840f2037644f17398993f180e001
primary,timing_waves_3840x2160,2,3,-1,AB,400582000,392198000,0.9790704524916247,7043f1c7f5acb5e07e6a59ab9b785b85a1816f7dc06a2f9139765c0065bd686f
primary,timing_waves_3840x2160,2,3,0,BA,397150000,393476000,0.9907490872466322,7043f1c7f5acb5e07e6a59ab9b785b85a1816f7dc06a2f9139765c0065bd686f
primary,timing_waves_3840x2160,2,3,1,AB,395232000,391170000,0.9897224921059024,7043f1c7f5acb5e07e6a59ab9b785b85a1816f7dc06a2f9139765c0065bd686f
primary,timing_waves_3840x2160,2,3,2,BA,390703000,390578000,0.9996800638848434,7043f1c7f5acb5e07e6a59ab9b785b85a1816f7dc06a2f9139765c0065bd686f
primary,timing_waves_3840x2160,2,3,3,AB,400760000,393086000,0.9808513823734903,7043f1c7f5acb5e07e6a59ab9b785b85a1816f7dc06a2f9139765c0065bd686f
primary,timing_waves_3840x2160,2,3,4,BA,392361000,389407000,0.992471219106894,7043f1c7f5acb5e07e6a59ab9b785b85a1816f7dc06a2f9139765c0065bd686f
primary,timing_waves_3840x2160,2,3,5,AB,389694000,390053000,1.0009212356361659,7043f1c7f5acb5e07e6a59ab9b785b85a1816f7dc06a2f9139765c0065bd686f
primary,timing_waves_3840x2160,2,3,6,BA,404177000,395810000,0.9792986736009224,7043f1c7f5acb5e07e6a59ab9b785b85a1816f7dc06a2f9139765c0065bd686f
primary,timing_waves_3840x2160,2,3,7,AB,407536000,409595000,1.005052314396765,7043f1c7f5acb5e07e6a59ab9b785b85a1816f7dc06a2f9139765c0065bd686f
primary,timing_waves_3840x2160,2,3,8,BA,394834000,396001000,1.0029556725104727,7043f1c7f5acb5e07e6a59ab9b785b85a1816f7dc06a2f9139765c0065bd686f
primary,timing_waves_3840x2160,2,3,9,AB,394585000,397178000,1.006571461155391,7043f1c7f5acb5e07e6a59ab9b785b85a1816f7dc06a2f9139765c0065bd686f
primary,timing_waves_3840x2160,2,3,10,BA,401929000,407336000,1.0134526247173008,7043f1c7f5acb5e07e6a59ab9b785b85a1816f7dc06a2f9139765c0065bd686f
primary,timing_waves_3840x2160,2,3,11,AB,403804000,397573000,0.9845692464661073,7043f1c7f5acb5e07e6a59ab9b785b85a1816f7dc06a2f9139765c0065bd686f
primary,timing_waves_3840x2160,8,4,-1,BA,235550000,236844000,1.0054935257907025,7043f1c7f5acb5e07e6a59ab9b785b85a1816f7dc06a2f9139765c0065bd686f
primary,timing_waves_3840x2160,8,4,0,AB,236659000,241435000,1.0201809354387537,7043f1c7f5acb5e07e6a59ab9b785b85a1816f7dc06a2f9139765c0065bd686f
primary,timing_waves_3840x2160,8,4,1,BA,237299000,238594000,1.0054572501359045,7043f1c7f5acb5e07e6a59ab9b785b85a1816f7dc06a2f9139765c0065bd686f
primary,timing_waves_3840x2160,8,4,2,AB,235678000,235025000,0.9972292704452685,7043f1c7f5acb5e07e6a59ab9b785b85a1816f7dc06a2f9139765c0065bd686f
primary,timing_waves_3840x2160,8,4,3,BA,237720000,237556000,0.9993101127376746,7043f1c7f5acb5e07e6a59ab9b785b85a1816f7dc06a2f9139765c0065bd686f
primary,timing_waves_3840x2160,8,4,4,AB,238022000,239051000,1.0043231297947248,7043f1c7f5acb5e07e6a59ab9b785b85a1816f7dc06a2f9139765c0065bd686f
primary,timing_waves_3840x2160,8,4,5,BA,237047000,239332000,1.0096394385923466,7043f1c7f5acb5e07e6a59ab9b785b85a1816f7dc06a2f9139765c0065bd686f
primary,timing_waves_3840x2160,8,4,6,AB,236835000,237011000,1.0007431334051133,7043f1c7f5acb5e07e6a59ab9b785b85a1816f7dc06a2f9139765c0065bd686f
primary,timing_waves_3840x2160,8,4,7,BA,236107000,238297000,1.009275455619698,7043f1c7f5acb5e07e6a59ab9b785b85a1816f7dc06a2f9139765c0065bd686f
primary,timing_waves_3840x2160,8,4,8,AB,236465000,237566000,1.0046560801809994,7043f1c7f5acb5e07e6a59ab9b785b85a1816f7dc06a2f9139765c0065bd686f
primary,timing_waves_3840x2160,8,4,9,BA,250361000,237858000,0.9500601131965442,7043f1c7f5acb5e07e6a59ab9b785b85a1816f7dc06a2f9139765c0065bd686f
primary,timing_waves_3840x2160,8,4,10,AB,237629000,236352000,0.9946260767835575,7043f1c7f5acb5e07e6a59ab9b785b85a1816f7dc06a2f9139765c0065bd686f
primary,timing_waves_3840x2160,8,4,11,BA,237812000,236518000,0.9945587270617127,7043f1c7f5acb5e07e6a59ab9b785b85a1816f7dc06a2f9139765c0065bd686f
primary,timing_waves_3840x2160,16,5,-1,AB,225728000,225486000,0.9989279132407145,7043f1c7f5acb5e07e6a59ab9b785b85a1816f7dc06a2f9139765c0065bd686f
primary,timing_waves_3840x2160,16,5,0,BA,225706000,226922000,1.0053875395425909,7043f1c7f5acb5e07e6a59ab9b785b85a1816f7dc06a2f9139765c0065bd686f
primary,timing_waves_3840x2160,16,5,1,AB,225702000,225193000,0.9977448139582281,7043f1c7f5acb5e07e6a59ab9b785b85a1816f7dc06a2f9139765c0065bd686f
primary,timing_waves_3840x2160,16,5,2,BA,224633000,223865000,0.9965810900446506,7043f1c7f5acb5e07e6a59ab9b785b85a1816f7dc06a2f9139765c0065bd686f
primary,timing_waves_3840x2160,16,5,3,AB,226901000,224873000,0.9910621813037404,7043f1c7f5acb5e07e6a59ab9b785b85a1816f7dc06a2f9139765c0065bd686f
primary,timing_waves_3840x2160,16,5,4,BA,225047000,224632000,0.9981559407590415,7043f1c7f5acb5e07e6a59ab9b785b85a1816f7dc06a2f9139765c0065bd686f
primary,timing_waves_3840x2160,16,5,5,AB,226927000,226723000,0.9991010324906248,7043f1c7f5acb5e07e6a59ab9b785b85a1816f7dc06a2f9139765c0065bd686f
primary,timing_waves_3840x2160,16,5,6,BA,225464000,225621000,1.000696341766313,7043f1c7f5acb5e07e6a59ab9b785b85a1816f7dc06a2f9139765c0065bd686f
primary,timing_waves_3840x2160,16,5,7,AB,227279000,226755000,0.9976944636328038,7043f1c7f5acb5e07e6a59ab9b785b85a1816f7dc06a2f9139765c0065bd686f
primary,timing_waves_3840x2160,16,5,8,BA,226106000,241096000,1.0662963388853015,7043f1c7f5acb5e07e6a59ab9b785b85a1816f7dc06a2f9139765c0065bd686f
primary,timing_waves_3840x2160,16,5,9,AB,229249000,227536000,0.9925277754755746,7043f1c7f5acb5e07e6a59ab9b785b85a1816f7dc06a2f9139765c0065bd686f
primary,timing_waves_3840x2160,16,5,10,BA,229787000,228425000,0.994072771740786,7043f1c7f5acb5e07e6a59ab9b785b85a1816f7dc06a2f9139765c0065bd686f
primary,timing_waves_3840x2160,16,5,11,AB,225171000,234135000,1.0398097445941086,7043f1c7f5acb5e07e6a59ab9b785b85a1816f7dc06a2f9139765c0065bd686f
primary,timing_checker_1920x1080,2,6,-1,BA,486010000,493223000,1.0148412584103208,0831d2c97efdf0a5debc5f95e271f976cda71c92becc1b043e09c63df573fdb7
primary,timing_checker_1920x1080,2,6,0,AB,505086000,507799000,1.0053713625006435,0831d2c97efdf0a5debc5f95e271f976cda71c92becc1b043e09c63df573fdb7
primary,timing_checker_1920x1080,2,6,1,BA,515843000,491720000,0.9532357713490345,0831d2c97efdf0a5debc5f95e271f976cda71c92becc1b043e09c63df573fdb7
primary,timing_checker_1920x1080,2,6,2,AB,489214000,492770000,1.0072688026099008,0831d2c97efdf0a5debc5f95e271f976cda71c92becc1b043e09c63df573fdb7
primary,timing_checker_1920x1080,2,6,3,BA,486587000,493390000,1.0139810558029705,0831d2c97efdf0a5debc5f95e271f976cda71c92becc1b043e09c63df573fdb7
primary,timing_checker_1920x1080,2,6,4,AB,486173000,488394000,1.0045683326717032,0831d2c97efdf0a5debc5f95e271f976cda71c92becc1b043e09c63df573fdb7
primary,timing_checker_1920x1080,2,6,5,BA,507425000,491366000,0.9683519731980096,0831d2c97efdf0a5debc5f95e271f976cda71c92becc1b043e09c63df573fdb7
primary,timing_checker_1920x1080,2,6,6,AB,488425000,487751000,0.9986200542560271,0831d2c97efdf0a5debc5f95e271f976cda71c92becc1b043e09c63df573fdb7
primary,timing_checker_1920x1080,2,6,7,BA,496833000,483400000,0.9729627460333754,0831d2c97efdf0a5debc5f95e271f976cda71c92becc1b043e09c63df573fdb7
primary,timing_checker_1920x1080,2,6,8,AB,484655000,485139000,1.0009986485231763,0831d2c97efdf0a5debc5f95e271f976cda71c92becc1b043e09c63df573fdb7
primary,timing_checker_1920x1080,2,6,9,BA,490158000,496780000,1.0135099294513197,0831d2c97efdf0a5debc5f95e271f976cda71c92becc1b043e09c63df573fdb7
primary,timing_checker_1920x1080,2,6,10,AB,494591000,495799000,1.0024424221225214,0831d2c97efdf0a5debc5f95e271f976cda71c92becc1b043e09c63df573fdb7
primary,timing_checker_1920x1080,2,6,11,BA,485791000,487460000,1.0034356338425372,0831d2c97efdf0a5debc5f95e271f976cda71c92becc1b043e09c63df573fdb7
primary,timing_checker_1920x1080,8,7,-1,AB,436612000,439142000,1.0057946185629345,0831d2c97efdf0a5debc5f95e271f976cda71c92becc1b043e09c63df573fdb7
primary,timing_checker_1920x1080,8,7,0,BA,430636000,437830000,1.016705523922756,0831d2c97efdf0a5debc5f95e271f976cda71c92becc1b043e09c63df573fdb7
primary,timing_checker_1920x1080,8,7,1,AB,427856000,446449000,1.0434562095658353,0831d2c97efdf0a5debc5f95e271f976cda71c92becc1b043e09c63df573fdb7
primary,timing_checker_1920x1080,8,7,2,BA,432462000,432043000,0.999031128746572,0831d2c97efdf0a5debc5f95e271f976cda71c92becc1b043e09c63df573fdb7
primary,timing_checker_1920x1080,8,7,3,AB,439397000,429569000,0.9776329833840468,0831d2c97efdf0a5debc5f95e271f976cda71c92becc1b043e09c63df573fdb7
primary,timing_checker_1920x1080,8,7,4,BA,431487000,433773000,1.005297957991782,0831d2c97efdf0a5debc5f95e271f976cda71c92becc1b043e09c63df573fdb7
primary,timing_checker_1920x1080,8,7,5,AB,430669000,440767000,1.0234472413849152,0831d2c97efdf0a5debc5f95e271f976cda71c92becc1b043e09c63df573fdb7
primary,timing_checker_1920x1080,8,7,6,BA,443238000,442177000,0.9976062521715195,0831d2c97efdf0a5debc5f95e271f976cda71c92becc1b043e09c63df573fdb7
primary,timing_checker_1920x1080,8,7,7,AB,437450000,438793000,1.0030700651503028,0831d2c97efdf0a5debc5f95e271f976cda71c92becc1b043e09c63df573fdb7
primary,timing_checker_1920x1080,8,7,8,BA,439286000,436654000,0.99400845918149,0831d2c97efdf0a5debc5f95e271f976cda71c92becc1b043e09c63df573fdb7
primary,timing_checker_1920x1080,8,7,9,AB,433139000,430875000,0.9947730405250971,0831d2c97efdf0a5debc5f95e271f976cda71c92becc1b043e09c63df573fdb7
primary,timing_checker_1920x1080,8,7,10,BA,433325000,435968000,1.0060993480643858,0831d2c97efdf0a5debc5f95e271f976cda71c92becc1b043e09c63df573fdb7
primary,timing_checker_1920x1080,8,7,11,AB,443339000,440528000,0.9936594795404871,0831d2c97efdf0a5debc5f95e271f976cda71c92becc1b043e09c63df573fdb7
primary,timing_checker_1920x1080,16,8,-1,BA,443312000,454656000,1.025589201284874,0831d2c97efdf0a5debc5f95e271f976cda71c92becc1b043e09c63df573fdb7
primary,timing_checker_1920x1080,16,8,0,AB,438491000,443480000,1.0113776565539543,0831d2c97efdf0a5debc5f95e271f976cda71c92becc1b043e09c63df573fdb7
primary,timing_checker_1920x1080,16,8,1,BA,466919000,438968000,0.9401373685799892,0831d2c97efdf0a5debc5f95e271f976cda71c92becc1b043e09c63df573fdb7
primary,timing_checker_1920x1080,16,8,2,AB,483264000,445868000,0.9226178651834194,0831d2c97efdf0a5debc5f95e271f976cda71c92becc1b043e09c63df573fdb7
primary,timing_checker_1920x1080,16,8,3,BA,451150000,444934000,0.98622187742436,0831d2c97efdf0a5debc5f95e271f976cda71c92becc1b043e09c63df573fdb7
primary,timing_checker_1920x1080,16,8,4,AB,438635000,443574000,1.011259931378025,0831d2c97efdf0a5debc5f95e271f976cda71c92becc1b043e09c63df573fdb7
primary,timing_checker_1920x1080,16,8,5,BA,444223000,443033000,0.9973211652705961,0831d2c97efdf0a5debc5f95e271f976cda71c92becc1b043e09c63df573fdb7
primary,timing_checker_1920x1080,16,8,6,AB,488951000,448497000,0.9172636930899006,0831d2c97efdf0a5debc5f95e271f976cda71c92becc1b043e09c63df573fdb7
primary,timing_checker_1920x1080,16,8,7,BA,454550000,458135000,1.0078869211307886,0831d2c97efdf0a5debc5f95e271f976cda71c92becc1b043e09c63df573fdb7
primary,timing_checker_1920x1080,16,8,8,AB,438819000,437174000,0.9962513017895761,0831d2c97efdf0a5debc5f95e271f976cda71c92becc1b043e09c63df573fdb7
primary,timing_checker_1920x1080,16,8,9,BA,445762000,472127000,1.0591459119440418,0831d2c97efdf0a5debc5f95e271f976cda71c92becc1b043e09c63df573fdb7
primary,timing_checker_1920x1080,16,8,10,AB,464986000,474820000,1.0211490238415781,0831d2c97efdf0a5debc5f95e271f976cda71c92becc1b043e09c63df573fdb7
primary,timing_checker_1920x1080,16,8,11,BA,446647000,452361000,1.0127931005917425,0831d2c97efdf0a5debc5f95e271f976cda71c92becc1b043e09c63df573fdb7
primary,timing_checker_3840x2160,2,9,-1,AB,2032464000,1984660000,0.9764797802076691,2d3d6be11ce1bf83660c4faf1412661bbfdf072e47bae39c4a1cc4f2e70b3fbb
primary,timing_checker_3840x2160,2,9,0,BA,2052097000,2043565000,0.995842301801523,2d3d6be11ce1bf83660c4faf1412661bbfdf072e47bae39c4a1cc4f2e70b3fbb
primary,timing_checker_3840x2160,2,9,1,AB,1984181000,1980107000,0.9979467598974086,2d3d6be11ce1bf83660c4faf1412661bbfdf072e47bae39c4a1cc4f2e70b3fbb
primary,timing_checker_3840x2160,2,9,2,BA,2006441000,1994277000,0.9939375242033033,2d3d6be11ce1bf83660c4faf1412661bbfdf072e47bae39c4a1cc4f2e70b3fbb
primary,timing_checker_3840x2160,2,9,3,AB,2074341000,1999307000,0.9638275481225121,2d3d6be11ce1bf83660c4faf1412661bbfdf072e47bae39c4a1cc4f2e70b3fbb
primary,timing_checker_3840x2160,2,9,4,BA,1996180000,2028267000,1.0160742017252953,2d3d6be11ce1bf83660c4faf1412661bbfdf072e47bae39c4a1cc4f2e70b3fbb
primary,timing_checker_3840x2160,2,9,5,AB,1992995000,1980335000,0.9936477512487487,2d3d6be11ce1bf83660c4faf1412661bbfdf072e47bae39c4a1cc4f2e70b3fbb
primary,timing_checker_3840x2160,2,9,6,BA,1991707000,2004807000,1.0065772726610893,2d3d6be11ce1bf83660c4faf1412661bbfdf072e47bae39c4a1cc4f2e70b3fbb
primary,timing_checker_3840x2160,2,9,7,AB,2091737000,2002940000,0.9575486784428444,2d3d6be11ce1bf83660c4faf1412661bbfdf072e47bae39c4a1cc4f2e70b3fbb
primary,timing_checker_3840x2160,2,9,8,BA,2018745000,2001321000,0.991368895031319,2d3d6be11ce1bf83660c4faf1412661bbfdf072e47bae39c4a1cc4f2e70b3fbb
primary,timing_checker_3840x2160,2,9,9,AB,2014836000,2011790000,0.9984882144253925,2d3d6be11ce1bf83660c4faf1412661bbfdf072e47bae39c4a1cc4f2e70b3fbb
primary,timing_checker_3840x2160,2,9,10,BA,1981595000,2059029000,1.039076602433898,2d3d6be11ce1bf83660c4faf1412661bbfdf072e47bae39c4a1cc4f2e70b3fbb
primary,timing_checker_3840x2160,2,9,11,AB,2007820000,2024452000,1.0082836110806745,2d3d6be11ce1bf83660c4faf1412661bbfdf072e47bae39c4a1cc4f2e70b3fbb
primary,timing_checker_3840x2160,8,10,-1,BA,1771316000,1768458000,0.9983865103685622,2d3d6be11ce1bf83660c4faf1412661bbfdf072e47bae39c4a1cc4f2e70b3fbb
primary,timing_checker_3840x2160,8,10,0,AB,1772486000,1853394000,1.0456466228788266,2d3d6be11ce1bf83660c4faf1412661bbfdf072e47bae39c4a1cc4f2e70b3fbb
primary,timing_checker_3840x2160,8,10,1,BA,1931659000,1908787000,0.9881594008052146,2d3d6be11ce1bf83660c4faf1412661bbfdf072e47bae39c4a1cc4f2e70b3fbb
primary,timing_checker_3840x2160,8,10,2,AB,1910726000,1818170000,0.9515597736148459,2d3d6be11ce1bf83660c4faf1412661bbfdf072e47bae39c4a1cc4f2e70b3fbb
primary,timing_checker_3840x2160,8,10,3,BA,1830286000,1863077000,1.0179157792825821,2d3d6be11ce1bf83660c4faf1412661bbfdf072e47bae39c4a1cc4f2e70b3fbb
primary,timing_checker_3840x2160,8,10,4,AB,1836878000,1782050000,0.9701515288440495,2d3d6be11ce1bf83660c4faf1412661bbfdf072e47bae39c4a1cc4f2e70b3fbb
primary,timing_checker_3840x2160,8,10,5,BA,1867968000,1909330000,1.0221427776064687,2d3d6be11ce1bf83660c4faf1412661bbfdf072e47bae39c4a1cc4f2e70b3fbb
primary,timing_checker_3840x2160,8,10,6,AB,1890191000,1795710000,0.9500151042936931,2d3d6be11ce1bf83660c4faf1412661bbfdf072e47bae39c4a1cc4f2e70b3fbb
primary,timing_checker_3840x2160,8,10,7,BA,1867301000,1828632000,0.9792915014772658,2d3d6be11ce1bf83660c4faf1412661bbfdf072e47bae39c4a1cc4f2e70b3fbb
primary,timing_checker_3840x2160,8,10,8,AB,1870765000,1786240000,0.9548179488070389,2d3d6be11ce1bf83660c4faf1412661bbfdf072e47bae39c4a1cc4f2e70b3fbb
primary,timing_checker_3840x2160,8,10,9,BA,1813989000,1786386000,0.984783259435421,2d3d6be11ce1bf83660c4faf1412661bbfdf072e47bae39c4a1cc4f2e70b3fbb
primary,timing_checker_3840x2160,8,10,10,AB,1845553000,1806759000,0.978979742115236,2d3d6be11ce1bf83660c4faf1412661bbfdf072e47bae39c4a1cc4f2e70b3fbb
primary,timing_checker_3840x2160,8,10,11,BA,1811897000,1807308000,0.99746729532639,2d3d6be11ce1bf83660c4faf1412661bbfdf072e47bae39c4a1cc4f2e70b3fbb
primary,timing_checker_3840x2160,16,11,-1,AB,1769503000,1871866000,1.057848446710743,2d3d6be11ce1bf83660c4faf1412661bbfdf072e47bae39c4a1cc4f2e70b3fbb
primary,timing_checker_3840x2160,16,11,0,BA,1860695000,1849174000,0.9938082275708807,2d3d6be11ce1bf83660c4faf1412661bbfdf072e47bae39c4a1cc4f2e70b3fbb
primary,timing_checker_3840x2160,16,11,1,AB,1758039000,1797136000,1.022238983321758,2d3d6be11ce1bf83660c4faf1412661bbfdf072e47bae39c4a1cc4f2e70b3fbb
primary,timing_checker_3840x2160,16,11,2,BA,1834982000,1772815000,0.9661211935593919,2d3d6be11ce1bf83660c4faf1412661bbfdf072e47bae39c4a1cc4f2e70b3fbb
primary,timing_checker_3840x2160,16,11,3,AB,1817315000,1755375000,0.9659167508109491,2d3d6be11ce1bf83660c4faf1412661bbfdf072e47bae39c4a1cc4f2e70b3fbb
primary,timing_checker_3840x2160,16,11,4,BA,1776932000,1746028000,0.9826082258634545,2d3d6be11ce1bf83660c4faf1412661bbfdf072e47bae39c4a1cc4f2e70b3fbb
primary,timing_checker_3840x2160,16,11,5,AB,1850166000,1857488000,1.0039574827339817,2d3d6be11ce1bf83660c4faf1412661bbfdf072e47bae39c4a1cc4f2e70b3fbb
primary,timing_checker_3840x2160,16,11,6,BA,1771288000,1799749000,1.0160679686194454,2d3d6be11ce1bf83660c4faf1412661bbfdf072e47bae39c4a1cc4f2e70b3fbb
primary,timing_checker_3840x2160,16,11,7,AB,1761961000,1790193000,1.016023056128938,2d3d6be11ce1bf83660c4faf1412661bbfdf072e47bae39c4a1cc4f2e70b3fbb
primary,timing_checker_3840x2160,16,11,8,BA,1753687000,1778330000,1.0140521085005476,2d3d6be11ce1bf83660c4faf1412661bbfdf072e47bae39c4a1cc4f2e70b3fbb
primary,timing_checker_3840x2160,16,11,9,AB,1753971000,1752703000,0.9992770690051318,2d3d6be11ce1bf83660c4faf1412661bbfdf072e47bae39c4a1cc4f2e70b3fbb
primary,timing_checker_3840x2160,16,11,10,BA,1752383000,1770683000,1.0104429225802807,2d3d6be11ce1bf83660c4faf1412661bbfdf072e47bae39c4a1cc4f2e70b3fbb
primary,timing_checker_3840x2160,16,11,11,AB,1755341000,1756965000,1.000925176361744,2d3d6be11ce1bf83660c4faf1412661bbfdf072e47bae39c4a1cc4f2e70b3fbb
primary,timing_texture_1920x1080,2,12,-1,BA,575011000,575208000,1.0003426021415243,c08ef6260ad5c1e5e0e17e67132a1af330ac18ed3580cbf26d5403f2fa01d102
primary,timing_texture_1920x1080,2,12,0,AB,568239000,567010000,0.9978371776664396,c08ef6260ad5c1e5e0e17e67132a1af330ac18ed3580cbf26d5403f2fa01d102
primary,timing_texture_1920x1080,2,12,1,BA,586800000,570453000,0.9721421267893661,c08ef6260ad5c1e5e0e17e67132a1af330ac18ed3580cbf26d5403f2fa01d102
primary,timing_texture_1920x1080,2,12,2,AB,572733000,573154000,1.0007350720143593,c08ef6260ad5c1e5e0e17e67132a1af330ac18ed3580cbf26d5403f2fa01d102
primary,timing_texture_1920x1080,2,12,3,BA,577747000,566071000,0.9797904619149904,c08ef6260ad5c1e5e0e17e67132a1af330ac18ed3580cbf26d5403f2fa01d102
primary,timing_texture_1920x1080,2,12,4,AB,571536000,571628000,1.0001609697376894,c08ef6260ad5c1e5e0e17e67132a1af330ac18ed3580cbf26d5403f2fa01d102
primary,timing_texture_1920x1080,2,12,5,BA,567489000,573146000,1.009968475159871,c08ef6260ad5c1e5e0e17e67132a1af330ac18ed3580cbf26d5403f2fa01d102
primary,timing_texture_1920x1080,2,12,6,AB,585076000,591737000,1.0113848457294436,c08ef6260ad5c1e5e0e17e67132a1af330ac18ed3580cbf26d5403f2fa01d102
primary,timing_texture_1920x1080,2,12,7,BA,602243000,591381000,0.9819640909068267,c08ef6260ad5c1e5e0e17e67132a1af330ac18ed3580cbf26d5403f2fa01d102
primary,timing_texture_1920x1080,2,12,8,AB,594045000,591865000,0.9963302443417587,c08ef6260ad5c1e5e0e17e67132a1af330ac18ed3580cbf26d5403f2fa01d102
primary,timing_texture_1920x1080,2,12,9,BA,589288000,568159000,0.9641448663471851,c08ef6260ad5c1e5e0e17e67132a1af330ac18ed3580cbf26d5403f2fa01d102
primary,timing_texture_1920x1080,2,12,10,AB,567557000,560122000,0.986899994185606,c08ef6260ad5c1e5e0e17e67132a1af330ac18ed3580cbf26d5403f2fa01d102
primary,timing_texture_1920x1080,2,12,11,BA,569542000,594153000,1.043211914134515,c08ef6260ad5c1e5e0e17e67132a1af330ac18ed3580cbf26d5403f2fa01d102
primary,timing_texture_1920x1080,8,13,-1,AB,554047000,543711000,0.9813445429719861,c08ef6260ad5c1e5e0e17e67132a1af330ac18ed3580cbf26d5403f2fa01d102
primary,timing_texture_1920x1080,8,13,0,BA,555809000,541864000,0.9749104458546012,c08ef6260ad5c1e5e0e17e67132a1af330ac18ed3580cbf26d5403f2fa01d102
primary,timing_texture_1920x1080,8,13,1,AB,545814000,536900000,0.9836684291718424,c08ef6260ad5c1e5e0e17e67132a1af330ac18ed3580cbf26d5403f2fa01d102
primary,timing_texture_1920x1080,8,13,2,BA,540274000,566932000,1.0493416303579295,c08ef6260ad5c1e5e0e17e67132a1af330ac18ed3580cbf26d5403f2fa01d102
primary,timing_texture_1920x1080,8,13,3,AB,540404000,542022000,1.002994056298621,c08ef6260ad5c1e5e0e17e67132a1af330ac18ed3580cbf26d5403f2fa01d102
primary,timing_texture_1920x1080,8,13,4,BA,556541000,533115000,0.9579078630325528,c08ef6260ad5c1e5e0e17e67132a1af330ac18ed3580cbf26d5403f2fa01d102
primary,timing_texture_1920x1080,8,13,5,AB,550175000,546349000,0.9930458490480302,c08ef6260ad5c1e5e0e17e67132a1af330ac18ed3580cbf26d5403f2fa01d102
primary,timing_texture_1920x1080,8,13,6,BA,553221000,537641000,0.971837656198879,c08ef6260ad5c1e5e0e17e67132a1af330ac18ed3580cbf26d5403f2fa01d102
primary,timing_texture_1920x1080,8,13,7,AB,552234000,539913000,0.9776888058323102,c08ef6260ad5c1e5e0e17e67132a1af330ac18ed3580cbf26d5403f2fa01d102
primary,timing_texture_1920x1080,8,13,8,BA,540936000,544000000,1.0056642560302882,c08ef6260ad5c1e5e0e17e67132a1af330ac18ed3580cbf26d5403f2fa01d102
primary,timing_texture_1920x1080,8,13,9,AB,541782000,541034000,0.9986193708908749,c08ef6260ad5c1e5e0e17e67132a1af330ac18ed3580cbf26d5403f2fa01d102
primary,timing_texture_1920x1080,8,13,10,BA,551727000,539828000,0.9784331743779079,c08ef6260ad5c1e5e0e17e67132a1af330ac18ed3580cbf26d5403f2fa01d102
primary,timing_texture_1920x1080,8,13,11,AB,554755000,554336000,0.999244711629458,c08ef6260ad5c1e5e0e17e67132a1af330ac18ed3580cbf26d5403f2fa01d102
primary,timing_texture_1920x1080,16,14,-1,BA,555887000,544328000,0.9792062055777523,c08ef6260ad5c1e5e0e17e67132a1af330ac18ed3580cbf26d5403f2fa01d102
primary,timing_texture_1920x1080,16,14,0,AB,545321000,560694000,1.028190735365042,c08ef6260ad5c1e5e0e17e67132a1af330ac18ed3580cbf26d5403f2fa01d102
primary,timing_texture_1920x1080,16,14,1,BA,539924000,552262000,1.022851364266082,c08ef6260ad5c1e5e0e17e67132a1af330ac18ed3580cbf26d5403f2fa01d102
primary,timing_texture_1920x1080,16,14,2,AB,569734000,543469000,0.9538995390831511,c08ef6260ad5c1e5e0e17e67132a1af330ac18ed3580cbf26d5403f2fa01d102
primary,timing_texture_1920x1080,16,14,3,BA,563614000,539638000,0.9574602476162763,c08ef6260ad5c1e5e0e17e67132a1af330ac18ed3580cbf26d5403f2fa01d102
primary,timing_texture_1920x1080,16,14,4,AB,545764000,541504000,0.9921944283609765,c08ef6260ad5c1e5e0e17e67132a1af330ac18ed3580cbf26d5403f2fa01d102
primary,timing_texture_1920x1080,16,14,5,BA,536870000,543842000,1.0129863840408293,c08ef6260ad5c1e5e0e17e67132a1af330ac18ed3580cbf26d5403f2fa01d102
primary,timing_texture_1920x1080,16,14,6,AB,539321000,542241000,1.005414215281808,c08ef6260ad5c1e5e0e17e67132a1af330ac18ed3580cbf26d5403f2fa01d102
primary,timing_texture_1920x1080,16,14,7,BA,570573000,547075000,0.9588168385114613,c08ef6260ad5c1e5e0e17e67132a1af330ac18ed3580cbf26d5403f2fa01d102
primary,timing_texture_1920x1080,16,14,8,AB,544332000,548699000,1.0080226773366254,c08ef6260ad5c1e5e0e17e67132a1af330ac18ed3580cbf26d5403f2fa01d102
primary,timing_texture_1920x1080,16,14,9,BA,542456000,533229000,0.9829903254826198,c08ef6260ad5c1e5e0e17e67132a1af330ac18ed3580cbf26d5403f2fa01d102
primary,timing_texture_1920x1080,16,14,10,AB,543638000,545633000,1.0036697213954875,c08ef6260ad5c1e5e0e17e67132a1af330ac18ed3580cbf26d5403f2fa01d102
primary,timing_texture_1920x1080,16,14,11,BA,539469000,555837000,1.0303409463750466,c08ef6260ad5c1e5e0e17e67132a1af330ac18ed3580cbf26d5403f2fa01d102
primary,timing_texture_3840x2160,2,15,-1,AB,2235496000,2295180000,1.0266983255617546,2aec47e05c3b8514915af2cb0d4b3f43878b8a0bff9e8cfe4cb501c3a509f061
primary,timing_texture_3840x2160,2,15,0,BA,2215122000,2223624000,1.0038381633156097,2aec47e05c3b8514915af2cb0d4b3f43878b8a0bff9e8cfe4cb501c3a509f061
primary,timing_texture_3840x2160,2,15,1,AB,2224635000,2240308000,1.0070452006733688,2aec47e05c3b8514915af2cb0d4b3f43878b8a0bff9e8cfe4cb501c3a509f061
primary,timing_texture_3840x2160,2,15,2,BA,2215761000,2252975000,1.016795132688047,2aec47e05c3b8514915af2cb0d4b3f43878b8a0bff9e8cfe4cb501c3a509f061
primary,timing_texture_3840x2160,2,15,3,AB,2214445000,2204970000,0.9957212755340503,2aec47e05c3b8514915af2cb0d4b3f43878b8a0bff9e8cfe4cb501c3a509f061
primary,timing_texture_3840x2160,2,15,4,BA,2278661000,2237418000,0.981900335328511,2aec47e05c3b8514915af2cb0d4b3f43878b8a0bff9e8cfe4cb501c3a509f061
primary,timing_texture_3840x2160,2,15,5,AB,2262966000,2298359000,1.0156400935763066,2aec47e05c3b8514915af2cb0d4b3f43878b8a0bff9e8cfe4cb501c3a509f061
primary,timing_texture_3840x2160,2,15,6,BA,2273524000,2281077000,1.003322155385208,2aec47e05c3b8514915af2cb0d4b3f43878b8a0bff9e8cfe4cb501c3a509f061
primary,timing_texture_3840x2160,2,15,7,AB,2206409000,2232607000,1.0118735918861825,2aec47e05c3b8514915af2cb0d4b3f43878b8a0bff9e8cfe4cb501c3a509f061
primary,timing_texture_3840x2160,2,15,8,BA,2199366000,2200911000,1.0007024751678437,2aec47e05c3b8514915af2cb0d4b3f43878b8a0bff9e8cfe4cb501c3a509f061
primary,timing_texture_3840x2160,2,15,9,AB,2294250000,2294226000,0.999989539065054,2aec47e05c3b8514915af2cb0d4b3f43878b8a0bff9e8cfe4cb501c3a509f061
primary,timing_texture_3840x2160,2,15,10,BA,2323134000,2326396000,1.0014041376864184,2aec47e05c3b8514915af2cb0d4b3f43878b8a0bff9e8cfe4cb501c3a509f061
primary,timing_texture_3840x2160,2,15,11,AB,2338531000,2419059000,1.034435292925345,2aec47e05c3b8514915af2cb0d4b3f43878b8a0bff9e8cfe4cb501c3a509f061
primary,timing_texture_3840x2160,8,16,-1,BA,2314512000,2239023000,0.967384485368838,2aec47e05c3b8514915af2cb0d4b3f43878b8a0bff9e8cfe4cb501c3a509f061
primary,timing_texture_3840x2160,8,16,0,AB,2289691000,2221377000,0.9701645331182243,2aec47e05c3b8514915af2cb0d4b3f43878b8a0bff9e8cfe4cb501c3a509f061
primary,timing_texture_3840x2160,8,16,1,BA,2217261000,2220549000,1.0014829106722212,2aec47e05c3b8514915af2cb0d4b3f43878b8a0bff9e8cfe4cb501c3a509f061
primary,timing_texture_3840x2160,8,16,2,AB,2218332000,2256709000,1.0172999352666778,2aec47e05c3b8514915af2cb0d4b3f43878b8a0bff9e8cfe4cb501c3a509f061
primary,timing_texture_3840x2160,8,16,3,BA,2201264000,2230909000,1.0134672624455767,2aec47e05c3b8514915af2cb0d4b3f43878b8a0bff9e8cfe4cb501c3a509f061
primary,timing_texture_3840x2160,8,16,4,AB,2200966000,2152708000,0.9780741728859056,2aec47e05c3b8514915af2cb0d4b3f43878b8a0bff9e8cfe4cb501c3a509f061
primary,timing_texture_3840x2160,8,16,5,BA,2098383000,2170079000,1.034167261172055,2aec47e05c3b8514915af2cb0d4b3f43878b8a0bff9e8cfe4cb501c3a509f061
primary,timing_texture_3840x2160,8,16,6,AB,2137203000,2095037000,0.9802704750086912,2aec47e05c3b8514915af2cb0d4b3f43878b8a0bff9e8cfe4cb501c3a509f061
primary,timing_texture_3840x2160,8,16,7,BA,2119388000,2136709000,1.0081726422910764,2aec47e05c3b8514915af2cb0d4b3f43878b8a0bff9e8cfe4cb501c3a509f061
primary,timing_texture_3840x2160,8,16,8,AB,2118916000,2094530000,0.9884912851665663,2aec47e05c3b8514915af2cb0d4b3f43878b8a0bff9e8cfe4cb501c3a509f061
primary,timing_texture_3840x2160,8,16,9,BA,2197668000,2112196000,0.9611078652462519,2aec47e05c3b8514915af2cb0d4b3f43878b8a0bff9e8cfe4cb501c3a509f061
primary,timing_texture_3840x2160,8,16,10,AB,2083044000,2152973000,1.0335705822824675,2aec47e05c3b8514915af2cb0d4b3f43878b8a0bff9e8cfe4cb501c3a509f061
primary,timing_texture_3840x2160,8,16,11,BA,2088738000,2113720000,1.011960332028239,2aec47e05c3b8514915af2cb0d4b3f43878b8a0bff9e8cfe4cb501c3a509f061
primary,timing_texture_3840x2160,16,17,-1,AB,2119919000,2089424000,0.9856150164227973,2aec47e05c3b8514915af2cb0d4b3f43878b8a0bff9e8cfe4cb501c3a509f061
primary,timing_texture_3840x2160,16,17,0,BA,2109324000,2111262000,1.0009187777695603,2aec47e05c3b8514915af2cb0d4b3f43878b8a0bff9e8cfe4cb501c3a509f061
primary,timing_texture_3840x2160,16,17,1,AB,2074077000,2116303000,1.020358935565073,2aec47e05c3b8514915af2cb0d4b3f43878b8a0bff9e8cfe4cb501c3a509f061
primary,timing_texture_3840x2160,16,17,2,BA,2120005000,2107713000,0.9942019004672159,2aec47e05c3b8514915af2cb0d4b3f43878b8a0bff9e8cfe4cb501c3a509f061
primary,timing_texture_3840x2160,16,17,3,AB,2103667000,2082643000,0.9900060228163488,2aec47e05c3b8514915af2cb0d4b3f43878b8a0bff9e8cfe4cb501c3a509f061
primary,timing_texture_3840x2160,16,17,4,BA,2065461000,2074983000,1.0046101088328465,2aec47e05c3b8514915af2cb0d4b3f43878b8a0bff9e8cfe4cb501c3a509f061
primary,timing_texture_3840x2160,16,17,5,AB,2098507000,2116683000,1.0086613959353006,2aec47e05c3b8514915af2cb0d4b3f43878b8a0bff9e8cfe4cb501c3a509f061
primary,timing_texture_3840x2160,16,17,6,BA,2103159000,2067828000,0.9832009848042873,2aec47e05c3b8514915af2cb0d4b3f43878b8a0bff9e8cfe4cb501c3a509f061
primary,timing_texture_3840x2160,16,17,7,AB,2097889000,2091484000,0.9969469309386721,2aec47e05c3b8514915af2cb0d4b3f43878b8a0bff9e8cfe4cb501c3a509f061
primary,timing_texture_3840x2160,16,17,8,BA,2090783000,2078976000,0.9943528333643424,2aec47e05c3b8514915af2cb0d4b3f43878b8a0bff9e8cfe4cb501c3a509f061
primary,timing_texture_3840x2160,16,17,9,AB,2099017000,2099635000,1.0002944235325393,2aec47e05c3b8514915af2cb0d4b3f43878b8a0bff9e8cfe4cb501c3a509f061
primary,timing_texture_3840x2160,16,17,10,BA,2085311000,2114418000,1.013958109845486,2aec47e05c3b8514915af2cb0d4b3f43878b8a0bff9e8cfe4cb501c3a509f061
primary,timing_texture_3840x2160,16,17,11,AB,2112538000,2117879000,1.0025282385452947,2aec47e05c3b8514915af2cb0d4b3f43878b8a0bff9e8cfe4cb501c3a509f061
sensitivity,timing_waves_1920x1080,8,18,-1,BA,66130000,1619408000,24.488250415847574,5b240bade583b6108c28e7111a10ab6e4344840f2037644f17398993f180e001
sensitivity,timing_waves_1920x1080,8,18,0,AB,67600000,1625904000,24.051834319526627,5b240bade583b6108c28e7111a10ab6e4344840f2037644f17398993f180e001
sensitivity,timing_waves_1920x1080,8,18,1,BA,66547000,1620807000,24.35582370354787,5b240bade583b6108c28e7111a10ab6e4344840f2037644f17398993f180e001
sensitivity,timing_waves_1920x1080,8,18,2,AB,66605000,1623492000,24.37492680729675,5b240bade583b6108c28e7111a10ab6e4344840f2037644f17398993f180e001
sensitivity,timing_waves_1920x1080,8,18,3,BA,65952000,1620060000,24.564228529839884,5b240bade583b6108c28e7111a10ab6e4344840f2037644f17398993f180e001
sensitivity,timing_waves_1920x1080,8,18,4,AB,66588000,1621851000,24.356505676698504,5b240bade583b6108c28e7111a10ab6e4344840f2037644f17398993f180e001
sensitivity,timing_waves_1920x1080,8,18,5,BA,66548000,1614206000,24.256266153753682,5b240bade583b6108c28e7111a10ab6e4344840f2037644f17398993f180e001
sensitivity,timing_waves_1920x1080,8,18,6,AB,66632000,1628260000,24.436607035658543,5b240bade583b6108c28e7111a10ab6e4344840f2037644f17398993f180e001
sensitivity,timing_waves_1920x1080,8,18,7,BA,66375000,1620487000,24.414116760828627,5b240bade583b6108c28e7111a10ab6e4344840f2037644f17398993f180e001
sensitivity,timing_waves_1920x1080,8,18,8,AB,67093000,1624870000,24.218174772330944,5b240bade583b6108c28e7111a10ab6e4344840f2037644f17398993f180e001
sensitivity,timing_waves_1920x1080,8,18,9,BA,65973000,1624510000,24.623861276582844,5b240bade583b6108c28e7111a10ab6e4344840f2037644f17398993f180e001
sensitivity,timing_waves_1920x1080,8,18,10,AB,66745000,1627699000,24.386830474192823,5b240bade583b6108c28e7111a10ab6e4344840f2037644f17398993f180e001
sensitivity,timing_waves_1920x1080,8,18,11,BA,66955000,1617062000,24.15147487118214,5b240bade583b6108c28e7111a10ab6e4344840f2037644f17398993f180e001
sensitivity,timing_waves_3840x2160,8,19,-1,AB,237563000,1794612000,7.554257186514735,7043f1c7f5acb5e07e6a59ab9b785b85a1816f7dc06a2f9139765c0065bd686f
sensitivity,timing_waves_3840x2160,8,19,0,BA,242025000,1780361000,7.356103708294597,7043f1c7f5acb5e07e6a59ab9b785b85a1816f7dc06a2f9139765c0065bd686f
sensitivity,timing_waves_3840x2160,8,19,1,AB,238464000,1796028000,7.531652576489533,7043f1c7f5acb5e07e6a59ab9b785b85a1816f7dc06a2f9139765c0065bd686f
sensitivity,timing_waves_3840x2160,8,19,2,BA,240681000,1799306000,7.4758954799090915,7043f1c7f5acb5e07e6a59ab9b785b85a1816f7dc06a2f9139765c0065bd686f
sensitivity,timing_waves_3840x2160,8,19,3,AB,238474000,1797655000,7.538159296191618,7043f1c7f5acb5e07e6a59ab9b785b85a1816f7dc06a2f9139765c0065bd686f
sensitivity,timing_waves_3840x2160,8,19,4,BA,237833000,1791231000,7.531465355943036,7043f1c7f5acb5e07e6a59ab9b785b85a1816f7dc06a2f9139765c0065bd686f
sensitivity,timing_waves_3840x2160,8,19,5,AB,236186000,1786926000,7.5657574962106136,7043f1c7f5acb5e07e6a59ab9b785b85a1816f7dc06a2f9139765c0065bd686f
sensitivity,timing_waves_3840x2160,8,19,6,BA,236600000,1789869000,7.564957734573119,7043f1c7f5acb5e07e6a59ab9b785b85a1816f7dc06a2f9139765c0065bd686f
sensitivity,timing_waves_3840x2160,8,19,7,AB,238457000,1799171000,7.5450542445807836,7043f1c7f5acb5e07e6a59ab9b785b85a1816f7dc06a2f9139765c0065bd686f
sensitivity,timing_waves_3840x2160,8,19,8,BA,241346000,1801188000,7.4630944784666,7043f1c7f5acb5e07e6a59ab9b785b85a1816f7dc06a2f9139765c0065bd686f
sensitivity,timing_waves_3840x2160,8,19,9,AB,237259000,1797498000,7.576100379753771,7043f1c7f5acb5e07e6a59ab9b785b85a1816f7dc06a2f9139765c0065bd686f
sensitivity,timing_waves_3840x2160,8,19,10,BA,243508000,1789928000,7.350592177669728,7043f1c7f5acb5e07e6a59ab9b785b85a1816f7dc06a2f9139765c0065bd686f
sensitivity,timing_waves_3840x2160,8,19,11,AB,238594000,1800860000,7.547800866744344,7043f1c7f5acb5e07e6a59ab9b785b85a1816f7dc06a2f9139765c0065bd686f
sensitivity,timing_checker_1920x1080,8,20,-1,BA,426099000,1978478000,4.643235492221291,0831d2c97efdf0a5debc5f95e271f976cda71c92becc1b043e09c63df573fdb7
sensitivity,timing_checker_1920x1080,8,20,0,AB,423709000,1987755000,4.6913211661777305,0831d2c97efdf0a5debc5f95e271f976cda71c92becc1b043e09c63df573fdb7
sensitivity,timing_checker_1920x1080,8,20,1,BA,425912000,1980582000,4.65021412874021,0831d2c97efdf0a5debc5f95e271f976cda71c92becc1b043e09c63df573fdb7
sensitivity,timing_checker_1920x1080,8,20,2,AB,424391000,1982462000,4.671310183297949,0831d2c97efdf0a5debc5f95e271f976cda71c92becc1b043e09c63df573fdb7
sensitivity,timing_checker_1920x1080,8,20,3,BA,424611000,1992313000,4.692089936435938,0831d2c97efdf0a5debc5f95e271f976cda71c92becc1b043e09c63df573fdb7
sensitivity,timing_checker_1920x1080,8,20,4,AB,423307000,1971393000,4.657123553354894,0831d2c97efdf0a5debc5f95e271f976cda71c92becc1b043e09c63df573fdb7
sensitivity,timing_checker_1920x1080,8,20,5,BA,425646000,1975474000,4.641119615830996,0831d2c97efdf0a5debc5f95e271f976cda71c92becc1b043e09c63df573fdb7
sensitivity,timing_checker_1920x1080,8,20,6,AB,425065000,1981780000,4.662298707256538,0831d2c97efdf0a5debc5f95e271f976cda71c92becc1b043e09c63df573fdb7
sensitivity,timing_checker_1920x1080,8,20,7,BA,423375000,1985732000,4.6902438736344845,0831d2c97efdf0a5debc5f95e271f976cda71c92becc1b043e09c63df573fdb7
sensitivity,timing_checker_1920x1080,8,20,8,AB,429106000,1993448000,4.64558407479737,0831d2c97efdf0a5debc5f95e271f976cda71c92becc1b043e09c63df573fdb7
sensitivity,timing_checker_1920x1080,8,20,9,BA,434301000,1990796000,4.583908395329506,0831d2c97efdf0a5debc5f95e271f976cda71c92becc1b043e09c63df573fdb7
sensitivity,timing_checker_1920x1080,8,20,10,AB,422752000,1988596000,4.703930436757248,0831d2c97efdf0a5debc5f95e271f976cda71c92becc1b043e09c63df573fdb7
sensitivity,timing_checker_1920x1080,8,20,11,BA,425004000,1986013000,4.67292778420909,0831d2c97efdf0a5debc5f95e271f976cda71c92becc1b043e09c63df573fdb7
sensitivity,timing_checker_3840x2160,8,21,-1,AB,1660550000,3219859000,1.9390316461413386,2d3d6be11ce1bf83660c4faf1412661bbfdf072e47bae39c4a1cc4f2e70b3fbb
sensitivity,timing_checker_3840x2160,8,21,0,BA,1655329000,3207223000,1.9375139322756987,2d3d6be11ce1bf83660c4faf1412661bbfdf072e47bae39c4a1cc4f2e70b3fbb
sensitivity,timing_checker_3840x2160,8,21,1,AB,1653966000,3217411000,1.945270338084338,2d3d6be11ce1bf83660c4faf1412661bbfdf072e47bae39c4a1cc4f2e70b3fbb
sensitivity,timing_checker_3840x2160,8,21,2,BA,1657944000,3220800000,1.9426470375356466,2d3d6be11ce1bf83660c4faf1412661bbfdf072e47bae39c4a1cc4f2e70b3fbb
sensitivity,timing_checker_3840x2160,8,21,3,AB,1650264000,3213044000,1.9469878758792531,2d3d6be11ce1bf83660c4faf1412661bbfdf072e47bae39c4a1cc4f2e70b3fbb
sensitivity,timing_checker_3840x2160,8,21,4,BA,1646740000,3217653000,1.9539532652391998,2d3d6be11ce1bf83660c4faf1412661bbfdf072e47bae39c4a1cc4f2e70b3fbb
sensitivity,timing_checker_3840x2160,8,21,5,AB,1665640000,3207649000,1.9257756778175357,2d3d6be11ce1bf83660c4faf1412661bbfdf072e47bae39c4a1cc4f2e70b3fbb
sensitivity,timing_checker_3840x2160,8,21,6,BA,1654980000,3206268000,1.9373454664104701,2d3d6be11ce1bf83660c4faf1412661bbfdf072e47bae39c4a1cc4f2e70b3fbb
sensitivity,timing_checker_3840x2160,8,21,7,AB,1670822000,3207297000,1.919592272546088,2d3d6be11ce1bf83660c4faf1412661bbfdf072e47bae39c4a1cc4f2e70b3fbb
sensitivity,timing_checker_3840x2160,8,21,8,BA,1654739000,3208490000,1.9389704358209965,2d3d6be11ce1bf83660c4faf1412661bbfdf072e47bae39c4a1cc4f2e70b3fbb
sensitivity,timing_checker_3840x2160,8,21,9,AB,1654524000,3204638000,1.9368942366505413,2d3d6be11ce1bf83660c4faf1412661bbfdf072e47bae39c4a1cc4f2e70b3fbb
sensitivity,timing_checker_3840x2160,8,21,10,BA,1650894000,3216242000,1.948182015320184,2d3d6be11ce1bf83660c4faf1412661bbfdf072e47bae39c4a1cc4f2e70b3fbb
sensitivity,timing_checker_3840x2160,8,21,11,AB,1678718000,3215965000,1.9157267629226589,2d3d6be11ce1bf83660c4faf1412661bbfdf072e47bae39c4a1cc4f2e70b3fbb
sensitivity,timing_texture_1920x1080,8,22,-1,BA,515366000,2068802000,4.014238424731162,c08ef6260ad5c1e5e0e17e67132a1af330ac18ed3580cbf26d5403f2fa01d102
sensitivity,timing_texture_1920x1080,8,22,0,AB,521861000,2066310000,3.959502626178235,c08ef6260ad5c1e5e0e17e67132a1af330ac18ed3580cbf26d5403f2fa01d102
sensitivity,timing_texture_1920x1080,8,22,1,BA,513626000,2064840000,4.020123591874243,c08ef6260ad5c1e5e0e17e67132a1af330ac18ed3580cbf26d5403f2fa01d102
sensitivity,timing_texture_1920x1080,8,22,2,AB,514181000,2062732000,4.011684601336883,c08ef6260ad5c1e5e0e17e67132a1af330ac18ed3580cbf26d5403f2fa01d102
sensitivity,timing_texture_1920x1080,8,22,3,BA,514961000,2069882000,4.019492738285035,c08ef6260ad5c1e5e0e17e67132a1af330ac18ed3580cbf26d5403f2fa01d102
sensitivity,timing_texture_1920x1080,8,22,4,AB,512501000,2071296000,4.041545284789688,c08ef6260ad5c1e5e0e17e67132a1af330ac18ed3580cbf26d5403f2fa01d102
sensitivity,timing_texture_1920x1080,8,22,5,BA,514578000,2078153000,4.038557808534372,c08ef6260ad5c1e5e0e17e67132a1af330ac18ed3580cbf26d5403f2fa01d102
sensitivity,timing_texture_1920x1080,8,22,6,AB,513209000,2065191000,4.024074012731655,c08ef6260ad5c1e5e0e17e67132a1af330ac18ed3580cbf26d5403f2fa01d102
sensitivity,timing_texture_1920x1080,8,22,7,BA,514004000,2070865000,4.028888880242177,c08ef6260ad5c1e5e0e17e67132a1af330ac18ed3580cbf26d5403f2fa01d102
sensitivity,timing_texture_1920x1080,8,22,8,AB,515670000,2076938000,4.027649465743596,c08ef6260ad5c1e5e0e17e67132a1af330ac18ed3580cbf26d5403f2fa01d102
sensitivity,timing_texture_1920x1080,8,22,9,BA,514896000,2082128000,4.043783599018054,c08ef6260ad5c1e5e0e17e67132a1af330ac18ed3580cbf26d5403f2fa01d102
sensitivity,timing_texture_1920x1080,8,22,10,AB,513971000,2066530000,4.020713230902133,c08ef6260ad5c1e5e0e17e67132a1af330ac18ed3580cbf26d5403f2fa01d102
sensitivity,timing_texture_1920x1080,8,22,11,BA,513620000,2065057000,4.020593045442156,c08ef6260ad5c1e5e0e17e67132a1af330ac18ed3580cbf26d5403f2fa01d102
sensitivity,timing_texture_3840x2160,8,23,-1,AB,2039698000,3582086000,1.7561844939790106,2aec47e05c3b8514915af2cb0d4b3f43878b8a0bff9e8cfe4cb501c3a509f061
sensitivity,timing_texture_3840x2160,8,23,0,BA,2037893000,3651074000,1.7915925909750905,2aec47e05c3b8514915af2cb0d4b3f43878b8a0bff9e8cfe4cb501c3a509f061
sensitivity,timing_texture_3840x2160,8,23,1,AB,2066579000,3651413000,1.7668876921714582,2aec47e05c3b8514915af2cb0d4b3f43878b8a0bff9e8cfe4cb501c3a509f061
sensitivity,timing_texture_3840x2160,8,23,2,BA,2054211000,3666679000,1.784957338851754,2aec47e05c3b8514915af2cb0d4b3f43878b8a0bff9e8cfe4cb501c3a509f061
sensitivity,timing_texture_3840x2160,8,23,3,AB,2097827000,3676514000,1.7525344082233665,2aec47e05c3b8514915af2cb0d4b3f43878b8a0bff9e8cfe4cb501c3a509f061
sensitivity,timing_texture_3840x2160,8,23,4,BA,2043466000,3668409000,1.7951896434782864,2aec47e05c3b8514915af2cb0d4b3f43878b8a0bff9e8cfe4cb501c3a509f061
sensitivity,timing_texture_3840x2160,8,23,5,AB,2051515000,3611901000,1.760601799158183,2aec47e05c3b8514915af2cb0d4b3f43878b8a0bff9e8cfe4cb501c3a509f061
sensitivity,timing_texture_3840x2160,8,23,6,BA,2053411000,3640513000,1.772910050642565,2aec47e05c3b8514915af2cb0d4b3f43878b8a0bff9e8cfe4cb501c3a509f061
sensitivity,timing_texture_3840x2160,8,23,7,AB,2086772000,3676710000,1.761912657444129,2aec47e05c3b8514915af2cb0d4b3f43878b8a0bff9e8cfe4cb501c3a509f061
sensitivity,timing_texture_3840x2160,8,23,8,BA,2065135000,3650464000,1.7676636152115963,2aec47e05c3b8514915af2cb0d4b3f43878b8a0bff9e8cfe4cb501c3a509f061
sensitivity,timing_texture_3840x2160,8,23,9,AB,2048145000,3656400000,1.7852251671634576,2aec47e05c3b8514915af2cb0d4b3f43878b8a0bff9e8cfe4cb501c3a509f061
sensitivity,timing_texture_3840x2160,8,23,10,BA,2056775000,3656247000,1.7776601718710117,2aec47e05c3b8514915af2cb0d4b3f43878b8a0bff9e8cfe4cb501c3a509f061
sensitivity,timing_texture_3840x2160,8,23,11,AB,2061810000,3619442000,1.7554682536218178,2aec47e05c3b8514915af2cb0d4b3f43878b8a0bff9e8cfe4cb501c3a509f061
