paper_location,reported_item,evidence_files,selector,scope,evidence_root
Abstract; IV-B; Conclusion / 4K allocation,2040 -> 510 KiB at 4K/W8,records/CDEF_H1/allocation_accounting.csv,width=3840;height=2160;W_requested=8;variant=type_fix|dual_token;pixel_requested/1024,existing integer unit conversion,artifact-v3 evidence ZIP root
Fig. 1; Theorem 1; Proposition 1,"lifetime, simultaneous witness, static-map conflict",CONTRACT_SOURCE_EVIDENCE.md; WITNESS_AND_MEASUREMENT_SCOPE.md; SOURCE_ANCHORS.csv,source functions and preserved finite model,analytical witness; not a forced decoder occupancy measurement,artifact-v3 evidence ZIP root
Table I / Decoded output,180 configurations; 540 records,records/CDEF_full_source_gate/results/correctness_release.json,180 cases; three variants per case,original full-source gate,artifact-v3 evidence ZIP root
Table I / Decoded output,180 cases per profile,records/CDEF_full_source_gate/results/correctness_debug.json; records/CDEF_full_source_gate/results/correctness_asan.json; records/CDEF_full_source_gate/results/correctness_tsan.json,all retained cases per file,not H1 totals,artifact-v3 evidence ZIP root
Table I / Failure and recovery,156 + 156 per sanitizer,records/CDEF_full_source_gate/results/fault_injection.json; records/CDEF_full_source_gate/results/fault_injection_tsan.json,fault and subsequent clean run per case,expected errors preserved,artifact-v3 evidence ZIP root
Table I / Failure and recovery,99 per sanitizer,records/CDEF_full_source_gate/results/same_instance_recovery_asan.json; records/CDEF_full_source_gate/results/same_instance_recovery_tsan.json,cases per original file,same-instance recovery,artifact-v3 evidence ZIP root
Table I / Upstream conformance,3899 selected test IDs,records/CDEF_full_source_gate/results/final_upstream_summary.json,file contains upstream_conformance; executed=3899,"test IDs, not unique videos; XML included",artifact-v3 evidence ZIP root
Table I / Leak detection,36 cases; positive probe,records/CDEF_full_source_gate/results/leak_checks.json; records/CDEF_full_source_gate/logs/leaks_lost_allocation_control.log,36 clean cases in JSON; positive probe in preserved log,native tool; unsupported LSan not PASS,artifact-v3 evidence ZIP root
IV-A / H1,"2592 records; 432 configs; three variants, clean/audit",records/CDEF_H1/semantic_matrix.csv; records/CDEF_H1/safety_matrix.csv; records/CDEF_H1/fault_recovery.csv,command_log -> COMMANDS.json -> release logs,copy audit normalizes tuples and separately checks order,artifact-v3 evidence ZIP root
IV-A / official clips,81 runs; 27 cases,records/CDEF_H1/real_content.csv; records/CDEF_H1/protocol/real_content_inputs.json; records/CDEF_H1/inputs/real_encoded_manifest.json,all rows; three variants,"output/copy check, not natural-video timing",artifact-v3 evidence ZIP root
Table II,four allocation rows,records/CDEF_H1/allocation_accounting.csv,"(width,W_requested)=(1920,8),(1920,16),(3840,8),(3840,16);type_fix|dual_token;pixel_requested/1024",all 27 raw rows retained,artifact-v3 evidence ZIP root
IV-B / metadata,"usable, owner/index/worker bytes",RESOURCE_ACCOUNTING.csv; RESOURCE_ACCOUNTING.md,width=3840;W_requested=8,do not double-count subcategories or call allocations RSS,artifact-v3 evidence ZIP root
Table III; V,closest sources and contract distinction,RELATED_WORK_SOURCE_NOTES.md; records/CDEF_H1/SOURCE_DRIFT_AUDIT.md; records/CDEF_CN_ORIGINAL_CLEARANCE/FINAL_CN_CLEARANCE.md,cited primary sources; prior original-document clearance,"literature comparison, not empirical ranking",artifact-v3 evidence ZIP root
IV-C / raw runs,216 blocks / 648 timed processes,records/CDEF_H1/timing_blocks.csv; records/CDEF_H1/protocol/timing_schedule.json,block_id groups three variants,block is resampling unit,artifact-v3 evidence ZIP root
IV-C / primary,six PASS; twelve inconclusive; 1.02,records/CDEF_FINAL_PAPER_GATE/TIMING_REANALYSIS.csv; records/CDEF_H1/timing_summary.csv,contrast=hybrid/type_fix;analysis_role=original_primary,existing results only,artifact-v3 evidence ZIP root
IV-C / owner pools,median range 0.9869--1.0093; all CI include 1,records/CDEF_FINAL_PAPER_GATE/TIMING_REANALYSIS.csv; records/CDEF_FINAL_PAPER_GATE/reanalysis/block_ratios.csv,contrast=dual_token/type_fix,secondary/descriptive; no new PASS gate,artifact-v3 evidence ZIP root
Resource guide / historical RSS,90 original process records,HISTORICAL_PROCESS_MEMORY.csv; records/CDEF_full_source_gate/scripts/run_memory.py,peak_rss_bytes;stage_ns;original per-process rows,separate from H1 allocation and clean timing,artifact-v3 evidence ZIP root
V / dav1d comparison,deferred eight-pixel bands; shared/separate boundary snapshots,evidence/dav1d/README_HISTORICAL.md; evidence/dav1d/verification.json,pinned commit 9a275d0c9296; recon_tmpl.c:2038-2050 and cdef_apply_tmpl.c:211-280,existing source audit; no cross-decoder performance or bound transfer,artifact-v4 repository root
