cell_id,stream,width,height,family,W_requested,input_sha256,frames,blocks,hybrid_type_fix_median,ci95_low,ci95_high,dual_token_hybrid_median,secondary_ci95_low,secondary_ci95_high,bootstrap_unit,bootstrap_replicates,bootstrap_seed,status
0,timing_waves_1920x1080,1920,1080,waves,2,49a9d3318d331b3c461901f688f0844d113f0ac3780117aa5cd6802c3a933094,18,12,1.0138413442721244,0.8743085207516845,1.0897273770350853,1.0255033886935603,0.9082522190939732,1.143118085453832,complete_three_variant_block,50000,311000,INCONCLUSIVE_LOCAL_NONINFERIORITY
1,timing_waves_1920x1080,1920,1080,waves,8,49a9d3318d331b3c461901f688f0844d113f0ac3780117aa5cd6802c3a933094,18,12,1.0011213150487577,0.8709835021938269,1.2141650274411324,0.9957556596991561,0.8283835046615804,1.220597231154646,complete_three_variant_block,50000,311001,INCONCLUSIVE_LOCAL_NONINFERIORITY
2,timing_waves_1920x1080,1920,1080,waves,16,49a9d3318d331b3c461901f688f0844d113f0ac3780117aa5cd6802c3a933094,18,12,1.0012412303644556,0.8277330485924279,1.220194606245091,1.0006655787139018,0.8124386039893121,1.206498686214354,complete_three_variant_block,50000,311002,INCONCLUSIVE_LOCAL_NONINFERIORITY
3,timing_waves_3840x2160,3840,2160,waves,2,bbe929595f19cd69ff621dd32b9fbc2b960d314a76cadb0924648f06d1043446,18,12,0.9992291991813644,0.9738813435127476,1.0456951295890462,0.9989408882812423,0.9581326097550982,1.0448592421435627,complete_three_variant_block,50000,311003,INCONCLUSIVE_LOCAL_NONINFERIORITY
4,timing_waves_3840x2160,3840,2160,waves,8,bbe929595f19cd69ff621dd32b9fbc2b960d314a76cadb0924648f06d1043446,18,12,0.9952459112152502,0.9429800157128612,1.041908564296167,1.0043960266786125,0.964277050783307,1.0593710056792498,complete_three_variant_block,50000,311004,INCONCLUSIVE_LOCAL_NONINFERIORITY
5,timing_waves_3840x2160,3840,2160,waves,16,bbe929595f19cd69ff621dd32b9fbc2b960d314a76cadb0924648f06d1043446,18,12,0.9936827402194006,0.9344453406735868,1.0714796718329702,1.0038139532578936,0.932433768213618,1.0601031695579515,complete_three_variant_block,50000,311005,INCONCLUSIVE_LOCAL_NONINFERIORITY
6,timing_checker_1920x1080,1920,1080,checker,2,6693b13328f76d16630ec0558a9bc287d0a0269eb107c74d0fa61a7f0fc4a31d,18,12,0.9997367114997828,0.9681000114515994,1.038678635930906,1.0005853702612322,0.9802296247728574,1.0387985364146997,complete_three_variant_block,50000,311006,INCONCLUSIVE_LOCAL_NONINFERIORITY
7,timing_checker_1920x1080,1920,1080,checker,8,6693b13328f76d16630ec0558a9bc287d0a0269eb107c74d0fa61a7f0fc4a31d,18,12,1.0046021431325793,0.9781410533479238,1.0440482873113501,0.9996955687719393,0.962187862077003,1.0382830989362766,complete_three_variant_block,50000,311007,INCONCLUSIVE_LOCAL_NONINFERIORITY
8,timing_checker_1920x1080,1920,1080,checker,16,6693b13328f76d16630ec0558a9bc287d0a0269eb107c74d0fa61a7f0fc4a31d,18,12,1.0048015207660868,0.9680764103886579,1.0429995325601127,1.0002690279127204,0.9658003291454065,1.0405210634561382,complete_three_variant_block,50000,311008,INCONCLUSIVE_LOCAL_NONINFERIORITY
9,timing_checker_3840x2160,3840,2160,checker,2,31bb5334795e5e5aed83873ccfaea6ed394de0ac57aefbbd85ae773f4546953e,18,12,1.001092214819076,0.9957841259435951,1.0118765535846974,1.0029694979795272,0.9941575183457939,1.0098692185624798,complete_three_variant_block,50000,311009,PASS_LOCAL_NONINFERIORITY
10,timing_checker_3840x2160,3840,2160,checker,8,31bb5334795e5e5aed83873ccfaea6ed394de0ac57aefbbd85ae773f4546953e,18,12,1.0006527393915239,0.992767155599904,1.0127171193508118,1.002421992370217,0.9939014336483105,1.014515022619578,complete_three_variant_block,50000,311010,PASS_LOCAL_NONINFERIORITY
11,timing_checker_3840x2160,3840,2160,checker,16,31bb5334795e5e5aed83873ccfaea6ed394de0ac57aefbbd85ae773f4546953e,18,12,1.0051488092336647,0.9956762631538014,1.014792661465759,1.0022532998901952,0.9912812618717153,1.009499135593551,complete_three_variant_block,50000,311011,PASS_LOCAL_NONINFERIORITY
12,timing_texture_1920x1080,1920,1080,texture,2,73b4a09c4258e7354ee8a8772124ea8d72848b8ef63b40c876118b0c9c71a498,18,12,1.0070632273573865,0.9747799963118275,1.0328060995363684,0.9978023940702005,0.9747349734484289,1.0155066010898395,complete_three_variant_block,50000,311012,INCONCLUSIVE_LOCAL_NONINFERIORITY
13,timing_texture_1920x1080,1920,1080,texture,8,73b4a09c4258e7354ee8a8772124ea8d72848b8ef63b40c876118b0c9c71a498,18,12,1.0073835717454687,0.9715021623781114,1.041618092746639,0.9989395499327285,0.9672644283675954,1.0283125575772414,complete_three_variant_block,50000,311013,INCONCLUSIVE_LOCAL_NONINFERIORITY
14,timing_texture_1920x1080,1920,1080,texture,16,73b4a09c4258e7354ee8a8772124ea8d72848b8ef63b40c876118b0c9c71a498,18,12,1.0065085312882065,0.9798116522868845,1.0392891586424136,0.9950812543071671,0.9645813395434625,1.0270329391116864,complete_three_variant_block,50000,311014,INCONCLUSIVE_LOCAL_NONINFERIORITY
15,timing_texture_3840x2160,3840,2160,texture,2,4e370aec6169292d45a684a12459d8623d5b9ab18d81fdcde76ae320a9580ebf,18,12,1.0047451968795524,0.9949910214339643,1.010339745053047,1.000966038245751,0.9945620345917288,1.005535356188719,complete_three_variant_block,50000,311015,PASS_LOCAL_NONINFERIORITY
16,timing_texture_3840x2160,3840,2160,texture,8,4e370aec6169292d45a684a12459d8623d5b9ab18d81fdcde76ae320a9580ebf,18,12,1.002962382601702,0.9942935463015239,1.0103736145942368,1.0006605391357346,0.9937515843907982,1.0035877040405832,complete_three_variant_block,50000,311016,PASS_LOCAL_NONINFERIORITY
17,timing_texture_3840x2160,3840,2160,texture,16,4e370aec6169292d45a684a12459d8623d5b9ab18d81fdcde76ae320a9580ebf,18,12,1.0043696792163364,0.9974157283733179,1.0108419044628287,0.9991269121703659,0.9946892433339427,1.0040049338173331,complete_three_variant_block,50000,311017,PASS_LOCAL_NONINFERIORITY
