path,line,symbol,purpose,sha256
records/CDEF_full_source_gate/src/token/av1/common/thread_common.c,1054,cdef_take_boundary,first-free acquisition; no capacity wait,6d7155fe2d652a036d759b44a04cd2d244aa26af6e9fdba3662fd77acb175b18
records/CDEF_full_source_gate/src/token/av1/common/thread_common.c,1065,cdef_release_boundaries,consumer release,6d7155fe2d652a036d759b44a04cd2d244aa26af6e9fdba3662fd77acb175b18
records/CDEF_full_source_gate/src/token/av1/common/thread_common.c,1091,get_cdef_row_next_job,dispatch and reserve,6d7155fe2d652a036d759b44a04cd2d244aa26af6e9fdba3662fd77acb175b18
records/CDEF_full_source_gate/src/token/av1/common/thread_common.c,1131,cdef_sb_row_worker_hook,worker loop and error wakeup,6d7155fe2d652a036d759b44a04cd2d244aa26af6e9fdba3662fd77acb175b18
records/CDEF_full_source_gate/src/token/av1/common/thread_common.c,1217,av1_cdef_init_fb_row_mt,copy publish wait,6d7155fe2d652a036d759b44a04cd2d244aa26af6e9fdba3662fd77acb175b18
records/CDEF_full_source_gate/src/token/av1/common/thread_common.c,1289,av1_cdef_frame_mt,joined-worker reset and frame execution,6d7155fe2d652a036d759b44a04cd2d244aa26af6e9fdba3662fd77acb175b18
records/CDEF_full_source_gate/src/token/av1/common/alloccommon.c,195,av1_alloc_cdef_buffers,capacity and resize,cca4c63de3760213021c5a7d28837ce45713d1171703a6690226ee1af2edb297
records/CDEF_full_source_gate/src/token/av1/common/alloccommon.c,122,av1_free_cdef_buffers,destruction,cca4c63de3760213021c5a7d28837ce45713d1171703a6690226ee1af2edb297
records/CDEF_full_source_gate/src/token/av1/common/cdef.c,426,av1_cdef_fb_row,initialization before filtering,a2832163c6041efb3085b8322b55b3d531a69a4641db14bdb4a6e01189c2fb3f
