cell,stream,workers,frames,cdef_active,baseline_requested_bytes,type_fix_requested_bytes,token_requested_bytes,type_fix_usable_bytes,token_usable_bytes,reduction_fraction,pixel_sha256,all_six_builds_bitexact
0,Beauty_1920x1080_first60,8,60,60,2088960,522240,261120,524288,262144,0.5,05555e039078addc4127f673a8876c0d27de3a526d080ac1f733ded4952429dc,True
1,Beauty_1920x1080_first60,16,60,60,2088960,522240,491520,524288,524288,0.05882352941176472,05555e039078addc4127f673a8876c0d27de3a526d080ac1f733ded4952429dc,True
2,Beauty_3840x2160_first60,8,60,60,8355840,2088960,522240,2097152,524288,0.75,5b9d44200dc82821e3caa6c97bd0b9363a25074845698633bf7d4c7795dbbf45,True
3,Beauty_3840x2160_first60,16,60,60,8355840,2088960,1013760,2097152,1032192,0.5147058823529411,5b9d44200dc82821e3caa6c97bd0b9363a25074845698633bf7d4c7795dbbf45,True
4,Jockey_1920x1080_first60,8,60,60,2088960,522240,261120,524288,262144,0.5,55496702dbb3bdd741c45b332cc893e1e1e9bc7770277c1f16eb8ea0a3d36e61,True
5,Jockey_1920x1080_first60,16,60,60,2088960,522240,491520,524288,524288,0.05882352941176472,55496702dbb3bdd741c45b332cc893e1e1e9bc7770277c1f16eb8ea0a3d36e61,True
6,Jockey_3840x2160_first60,8,60,60,8355840,2088960,522240,2097152,524288,0.75,42bf308f4614423744441a7cda33afa9aa76a8806932e53d9563903d79e6123f,True
7,Jockey_3840x2160_first60,16,60,60,8355840,2088960,1013760,2097152,1032192,0.5147058823529411,42bf308f4614423744441a7cda33afa9aa76a8806932e53d9563903d79e6123f,True
8,HoneyBee_1920x1080_first60,8,60,60,2088960,522240,261120,524288,262144,0.5,39e9de40ccf6a82c055bdd90f66114bf3cdf15863e9137d952b732e04717abc3,True
9,HoneyBee_1920x1080_first60,16,60,60,2088960,522240,491520,524288,524288,0.05882352941176472,39e9de40ccf6a82c055bdd90f66114bf3cdf15863e9137d952b732e04717abc3,True
10,HoneyBee_3840x2160_first60,8,60,60,8355840,2088960,522240,2097152,524288,0.75,e162c43519d065e57a24747c40d2279d394fad25eb1015608580480635958ff2,True
11,HoneyBee_3840x2160_first60,16,60,60,8355840,2088960,1013760,2097152,1032192,0.5147058823529411,e162c43519d065e57a24747c40d2279d394fad25eb1015608580480635958ff2,True
