cell,stream,workers,n_pairs,n_blocks,median_ratio,ci95,type_fix_median_ms,token_median_ms,min_ratio,max_ratio,status
0,Beauty_1920x1080_first60,8,24,12,0.9973467102700007,"[0.9926403049949847, 1.0007885124557911]",259.0335,258.33000000000004,0.9531673098242809,1.0252024775584903,PASS_NONINFERIOR_SCREEN
1,Beauty_1920x1080_first60,16,24,12,1.004513898161019,"[1.0002899375463685, 1.0071422547756352]",252.752,253.3825,0.9442114457025502,1.0580795647057841,PASS_NONINFERIOR_SCREEN
2,Beauty_3840x2160_first60,8,24,12,0.9955189058827847,"[0.994702130191127, 0.9964751620559494]",2810.6395,2798.4970000000003,0.9897399710335222,1.0070369055701744,PASS_NONINFERIOR_SCREEN
3,Beauty_3840x2160_first60,16,24,12,0.9984350232858388,"[0.9967106190465247, 0.9998716007756183]",2765.633,2758.8334999999997,0.9878637354532933,1.0067517517789453,PASS_NONINFERIOR_SCREEN
4,Jockey_1920x1080_first60,8,24,12,1.00036310979617,"[0.9954469959792486, 1.01037964764713]",156.71800000000002,157.15949999999998,0.9223445479508302,1.0459537668385166,PASS_NONINFERIOR_SCREEN
5,Jockey_1920x1080_first60,16,24,12,0.9930222793835979,"[0.9899981042158318, 1.0021796244040089]",153.45600000000002,152.367,0.9293026273110606,1.0870361658754937,PASS_NONINFERIOR_SCREEN
6,Jockey_3840x2160_first60,8,24,12,0.9943261887299903,"[0.9923354467105758, 0.9976636904028326]",732.5215000000001,729.6279999999999,0.9744402229968796,1.017978314192181,PASS_NONINFERIOR_SCREEN
7,Jockey_3840x2160_first60,16,24,12,0.9966320958678385,"[0.9949548357710557, 1.001664351026762]",686.764,685.3365,0.9765083669526059,1.0235717808096356,PASS_NONINFERIOR_SCREEN
8,HoneyBee_1920x1080_first60,8,24,12,1.0035249344064177,"[1.0010595380548115, 1.012208761461895]",98.884,99.729,0.9501943759860586,1.1504170430416574,PASS_NONINFERIOR_SCREEN
9,HoneyBee_1920x1080_first60,16,24,12,1.0009993889792759,"[0.9962547340256536, 1.0187346217852513]",97.37899999999999,98.2085,0.9700801227068154,1.1606723645565504,PASS_NONINFERIOR_SCREEN
10,HoneyBee_3840x2160_first60,8,24,12,0.9984430044323488,"[0.9921545644490105, 1.0040059225042408]",862.94,859.967,0.9512247425273135,1.017564793017081,PASS_NONINFERIOR_SCREEN
11,HoneyBee_3840x2160_first60,16,24,12,0.9982797590390238,"[0.9921888913433896, 1.0030840658015872]",806.909,805.512,0.976418660377658,1.0241874652369476,PASS_NONINFERIOR_SCREEN
