version,commit,path,sha256,url
v3.12.1,10aece4157eb79315da205f39e19bf6ab3ee30d0,av1/common/thread_common.c,960bd4bfd41383d522e4fb655ba495eeb2014d0f8e58edb341ee83d8d3722bcc,https://aomedia.googlesource.com/aom/+/10aece4157eb79315da205f39e19bf6ab3ee30d0/av1/common/thread_common.c
v3.12.1,10aece4157eb79315da205f39e19bf6ab3ee30d0,av1/common/alloccommon.c,f4a65a29fa87fab19691152ec30a4ff9bcc0ca348a858e97e1837da7c5f9e043,https://aomedia.googlesource.com/aom/+/10aece4157eb79315da205f39e19bf6ab3ee30d0/av1/common/alloccommon.c
v3.12.1,10aece4157eb79315da205f39e19bf6ab3ee30d0,av1/decoder/decodeframe.c,6737baaec53f6b2406a190a35ca5766baad4151979f1fbd99a66441b551c5519,https://aomedia.googlesource.com/aom/+/10aece4157eb79315da205f39e19bf6ab3ee30d0/av1/decoder/decodeframe.c
v3.15.1,44d0a57786f432d933ff64b653347c66f4d0fa1d,av1/common/thread_common.c,b05274b70a61e2b5a136800848986c2419e9372777384c5b6a0b285f725d51bc,https://aomedia.googlesource.com/aom/+/44d0a57786f432d933ff64b653347c66f4d0fa1d/av1/common/thread_common.c
v3.15.1,44d0a57786f432d933ff64b653347c66f4d0fa1d,av1/common/alloccommon.c,f4a65a29fa87fab19691152ec30a4ff9bcc0ca348a858e97e1837da7c5f9e043,https://aomedia.googlesource.com/aom/+/44d0a57786f432d933ff64b653347c66f4d0fa1d/av1/common/alloccommon.c
v3.15.1,44d0a57786f432d933ff64b653347c66f4d0fa1d,av1/decoder/decodeframe.c,20fab5708fda23a434a5bfc79179d6561eb6325524673c6faa9425e6f8412bf6,https://aomedia.googlesource.com/aom/+/44d0a57786f432d933ff64b653347c66f4d0fa1d/av1/decoder/decodeframe.c
main,ae410fe8b7bd45f3cf61dc8f112dc783e2a08089,av1/common/thread_common.c,b05274b70a61e2b5a136800848986c2419e9372777384c5b6a0b285f725d51bc,https://aomedia.googlesource.com/aom/+/ae410fe8b7bd45f3cf61dc8f112dc783e2a08089/av1/common/thread_common.c
main,ae410fe8b7bd45f3cf61dc8f112dc783e2a08089,av1/common/alloccommon.c,f4a65a29fa87fab19691152ec30a4ff9bcc0ca348a858e97e1837da7c5f9e043,https://aomedia.googlesource.com/aom/+/ae410fe8b7bd45f3cf61dc8f112dc783e2a08089/av1/common/alloccommon.c
main,ae410fe8b7bd45f3cf61dc8f112dc783e2a08089,av1/decoder/decodeframe.c,45ad99f27edae6b161b43c404b0549f6b64939a0d08f7a60963e0938ea0f5b49,https://aomedia.googlesource.com/aom/+/ae410fe8b7bd45f3cf61dc8f112dc783e2a08089/av1/decoder/decodeframe.c
v3.12.1,10aece4157eb79315da205f39e19bf6ab3ee30d0,av1/common/cdef.c,a2832163c6041efb3085b8322b55b3d531a69a4641db14bdb4a6e01189c2fb3f,https://aomedia.googlesource.com/aom/+/10aece4157eb79315da205f39e19bf6ab3ee30d0/av1/common/cdef.c
v3.15.1,44d0a57786f432d933ff64b653347c66f4d0fa1d,av1/common/cdef.c,a2832163c6041efb3085b8322b55b3d531a69a4641db14bdb4a6e01189c2fb3f,https://aomedia.googlesource.com/aom/+/44d0a57786f432d933ff64b653347c66f4d0fa1d/av1/common/cdef.c
main,ae410fe8b7bd45f3cf61dc8f112dc783e2a08089,av1/common/cdef.c,a2832163c6041efb3085b8322b55b3d531a69a4641db14bdb4a6e01189c2fb3f,https://aomedia.googlesource.com/aom/+/ae410fe8b7bd45f3cf61dc8f112dc783e2a08089/av1/common/cdef.c
